Actual_CO_GT,RF_Predicted,SVR_Predicted,XGB_Predicted,GB_Predicted,RF_Error,XGB_Error
7.1,6.425,6.685,6.885,6.863,0.675,0.215
0.9,0.858,0.897,0.854,0.908,0.042,0.046
3.8,3.435,3.422,3.17,3.262,0.365,0.63
2.3,1.857,1.848,2.236,2.123,0.443,0.064
0.9,0.9,0.885,0.833,0.834,-0.0,0.067
2.2,2.282,2.389,2.276,2.375,-0.082,-0.076
5.6,3.832,3.794,4.205,4.096,1.768,1.395
1.6,1.941,1.737,1.653,1.579,-0.341,-0.053
3.1,2.947,3.053,2.929,2.981,0.153,0.171
3.3,2.759,2.821,2.778,2.783,0.541,0.522
2.5,2.329,2.375,2.303,2.276,0.171,0.197
2.4,2.553,2.295,2.488,2.421,-0.153,-0.088
1.2,0.992,1.229,1.088,1.153,0.208,0.112
0.3,0.462,0.422,0.545,0.565,-0.162,-0.245
0.6,0.663,0.651,0.639,0.651,-0.063,-0.039
2.0,2.116,2.032,1.975,1.865,-0.116,0.025
1.6,1.277,1.453,1.394,1.334,0.323,0.206
0.2,0.399,0.281,0.376,0.441,-0.199,-0.176
1.8,1.81,1.909,1.598,1.671,-0.01,0.202
1.4,1.404,1.579,1.613,1.604,-0.004,-0.213
1.7,1.678,1.81,1.696,1.755,0.022,0.004
0.2,0.57,0.589,0.524,0.572,-0.37,-0.324
2.1,2.094,2.141,2.094,2.175,0.006,0.006
4.3,4.562,6.222,4.902,4.627,-0.262,-0.602
0.4,0.828,0.661,0.767,0.898,-0.428,-0.367
2.3,2.368,2.402,2.273,2.384,-0.068,0.027
0.6,0.526,0.568,0.525,0.505,0.074,0.075
1.9,1.971,2.357,2.126,2.114,-0.071,-0.226
3.5,3.986,4.03,4.23,4.298,-0.486,-0.73
2.0,1.702,1.929,1.839,1.758,0.298,0.161
2.1,2.288,2.397,2.208,2.167,-0.188,-0.108
1.2,1.427,1.419,1.429,1.437,-0.227,-0.229
2.1,2.217,2.139,2.19,2.163,-0.117,-0.09
0.8,0.654,0.589,0.602,0.536,0.146,0.198
5.8,4.221,4.076,3.973,4.08,1.579,1.827
4.1,4.191,4.511,4.165,4.312,-0.091,-0.065
1.3,1.122,1.137,1.109,1.015,0.178,0.191
1.5,1.659,1.546,1.56,1.565,-0.159,-0.06
0.3,0.437,0.293,0.475,0.519,-0.137,-0.175
0.8,1.033,0.947,1.002,0.944,-0.233,-0.202
1.7,1.694,1.718,1.57,1.514,0.006,0.13
2.8,2.787,2.997,2.641,2.647,0.013,0.159
0.5,0.526,0.552,0.487,0.462,-0.026,0.013
2.0,1.904,1.901,2.024,1.995,0.096,-0.024
2.4,2.067,2.074,2.083,1.989,0.333,0.317
1.0,1.035,1.046,1.077,1.067,-0.035,-0.077
3.4,4.221,4.133,4.05,3.947,-0.821,-0.65
0.7,0.785,0.887,0.67,0.685,-0.085,0.03
1.2,1.126,1.139,1.123,1.089,0.074,0.077
3.3,4.057,3.611,4.058,4.172,-0.757,-0.758
0.6,0.594,0.608,0.663,0.673,0.006,-0.063
1.0,0.858,0.972,0.894,0.803,0.142,0.106
1.6,1.483,1.536,1.501,1.466,0.117,0.099
2.1,2.067,1.922,2.337,2.247,0.033,-0.237
2.1,2.561,2.269,2.438,2.491,-0.461,-0.338
2.1,1.769,2.025,1.878,1.75,0.331,0.222
0.8,0.651,0.72,0.742,0.743,0.149,0.058
1.5,1.623,1.62,1.687,1.821,-0.123,-0.187
4.9,4.91,4.717,4.831,4.893,-0.01,0.069
1.3,1.071,1.188,1.178,1.14,0.229,0.122
1.6,1.739,1.691,1.795,1.833,-0.139,-0.195
0.8,0.692,0.8,0.726,0.712,0.108,0.074
4.0,4.113,4.057,4.203,4.163,-0.113,-0.203
1.9,1.986,1.91,1.941,1.897,-0.086,-0.041
2.9,3.02,3.044,3.029,3.086,-0.12,-0.129
4.8,4.45,5.097,4.675,4.594,0.35,0.125
2.8,3.095,2.858,3.142,3.1,-0.295,-0.342
1.2,1.14,1.119,1.222,1.19,0.06,-0.022
0.5,0.726,0.586,0.641,0.699,-0.226,-0.141
6.0,5.98,5.695,5.608,5.58,0.02,0.392
2.1,2.114,2.157,2.12,2.12,-0.014,-0.02
1.7,1.762,1.798,1.843,1.7,-0.062,-0.143
0.9,0.875,0.884,0.826,0.901,0.025,0.074
1.6,1.524,1.595,1.586,1.48,0.076,0.014
1.5,1.452,1.471,1.588,1.468,0.048,-0.088
1.9,2.212,2.143,2.12,2.209,-0.312,-0.22
2.2,2.157,2.2,2.264,2.319,0.043,-0.064
2.2,2.638,2.485,2.437,2.405,-0.438,-0.237
2.0,1.993,1.965,2.066,2.037,0.007,-0.066
0.5,0.496,0.515,0.521,0.536,0.004,-0.021
1.4,1.388,1.631,1.481,1.484,0.012,-0.081
2.0,2.131,2.071,2.075,2.124,-0.131,-0.075
0.5,0.666,0.579,0.624,0.645,-0.166,-0.124
1.8,2.045,1.751,1.937,1.856,-0.245,-0.137
1.0,1.096,0.982,1.122,1.016,-0.096,-0.122
2.2,1.978,2.028,2.032,1.921,0.222,0.168
1.6,1.66,1.421,1.545,1.435,-0.06,0.055
1.5,1.668,1.456,1.652,1.758,-0.168,-0.152
1.0,0.896,1.099,0.936,0.858,0.104,0.064
0.7,0.68,0.638,0.546,0.514,0.02,0.154
1.1,0.933,1.104,0.979,0.966,0.167,0.121
3.2,3.264,2.997,3.176,3.271,-0.064,0.024
0.5,0.556,0.296,0.427,0.45,-0.056,0.073
2.0,2.123,2.013,2.051,2.08,-0.123,-0.051
1.0,0.875,0.839,0.782,0.764,0.125,0.218
1.6,1.578,1.515,1.565,1.525,0.022,0.035
3.1,3.832,3.812,3.914,3.774,-0.732,-0.814
1.5,1.474,1.515,1.557,1.498,0.026,-0.057
2.0,2.004,2.168,1.954,2.001,-0.004,0.046
1.4,1.143,1.136,1.209,1.145,0.257,0.191
1.0,0.984,1.055,1.012,1.023,0.016,-0.012
2.2,1.984,2.088,1.962,1.933,0.216,0.238
0.8,0.594,0.755,0.665,0.721,0.206,0.135
3.6,3.636,3.84,3.719,3.622,-0.036,-0.119
2.7,3.061,2.833,2.905,2.742,-0.361,-0.205
1.3,1.536,1.279,1.448,1.47,-0.236,-0.148
6.8,6.422,6.527,6.015,6.464,0.378,0.785
3.9,4.055,4.046,4.127,4.061,-0.155,-0.227
0.5,0.674,0.636,0.686,0.704,-0.174,-0.186
1.2,1.27,1.373,1.216,1.276,-0.07,-0.016
0.7,0.888,0.828,0.88,0.833,-0.188,-0.18
0.4,0.458,0.37,0.503,0.528,-0.058,-0.103
1.0,1.044,1.008,1.058,1.12,-0.044,-0.058
0.8,0.906,0.778,1.037,1.044,-0.106,-0.237
1.9,2.006,1.828,1.924,1.931,-0.106,-0.024
0.3,0.388,0.239,0.374,0.391,-0.088,-0.074
0.7,0.621,0.752,0.693,0.695,0.079,0.007
0.5,0.635,0.618,0.606,0.646,-0.135,-0.106
1.4,1.536,1.656,1.732,1.507,-0.136,-0.332
4.0,4.414,4.085,4.23,4.122,-0.414,-0.23
2.1,2.005,1.971,1.898,1.831,0.095,0.202
2.8,3.021,3.127,3.041,3.062,-0.221,-0.241
0.8,0.868,0.929,0.854,0.839,-0.068,-0.054
1.8,1.771,1.637,1.703,1.813,0.029,0.097
1.4,2.413,2.159,1.714,2.21,-1.013,-0.314
1.1,1.08,1.15,1.103,1.141,0.02,-0.003
3.3,3.251,3.6,3.319,3.187,0.049,-0.019
2.8,2.549,2.646,2.553,2.42,0.251,0.247
1.8,1.613,1.536,1.594,1.574,0.187,0.206
2.1,2.193,2.202,2.177,2.208,-0.093,-0.077
1.5,1.574,1.426,1.411,1.522,-0.074,0.089
2.7,2.803,2.9,3.039,2.803,-0.103,-0.339
2.1,2.571,2.472,2.473,2.592,-0.471,-0.373
4.6,4.203,4.278,4.489,4.381,0.397,0.111
1.2,0.963,1.024,0.978,0.981,0.237,0.222
1.0,0.925,0.937,1.056,1.034,0.075,-0.056
0.8,0.661,0.798,0.709,0.708,0.139,0.091
2.1,2.468,2.354,2.395,2.4,-0.368,-0.295
1.3,1.532,1.301,1.592,1.312,-0.232,-0.292
0.9,0.864,0.934,0.85,0.781,0.036,0.05
2.8,2.692,2.734,2.777,2.689,0.108,0.023
1.3,1.512,1.311,1.27,1.387,-0.212,0.03
2.8,2.672,2.628,2.75,2.665,0.128,0.05
1.1,1.179,1.036,1.219,1.283,-0.079,-0.119
0.7,0.697,0.755,0.85,0.883,0.003,-0.15
3.4,3.202,3.172,3.602,3.437,0.198,-0.202
2.9,2.978,2.906,2.984,2.987,-0.078,-0.084
2.1,2.272,2.012,2.219,2.328,-0.172,-0.119
3.4,3.228,3.166,3.373,3.375,0.172,0.027
1.4,1.41,1.401,1.409,1.499,-0.01,-0.009
6.1,5.381,5.745,5.555,5.581,0.719,0.545
1.3,1.391,1.288,1.357,1.353,-0.091,-0.057
1.5,1.514,1.706,1.593,1.596,-0.014,-0.093
1.3,1.142,1.153,1.166,1.154,0.158,0.134
1.8,1.807,1.788,1.771,1.817,-0.007,0.029
3.7,3.577,3.46,3.661,3.565,0.123,0.039
1.1,1.503,1.142,1.529,1.573,-0.403,-0.429
2.4,2.266,2.528,2.391,2.35,0.134,0.009
2.4,2.355,2.399,2.241,2.358,0.045,0.159
1.3,1.907,1.536,1.761,2.019,-0.607,-0.461
1.4,1.332,1.271,1.359,1.388,0.068,0.041
1.2,1.086,1.114,1.224,1.288,0.114,-0.024
1.4,1.205,1.388,1.443,1.542,0.195,-0.043
0.6,0.484,0.551,0.502,0.478,0.116,0.098
1.7,1.881,1.751,1.848,1.906,-0.181,-0.148
0.5,1.17,0.856,0.973,1.143,-0.67,-0.473
3.5,3.506,3.902,3.742,3.729,-0.006,-0.242
1.5,1.543,1.438,1.48,1.519,-0.043,0.02
0.6,0.603,0.487,0.568,0.605,-0.003,0.032
2.6,2.365,2.451,2.392,2.388,0.235,0.208
0.5,0.401,0.511,0.402,0.406,0.099,0.098
4.9,4.732,5.01,4.777,4.78,0.168,0.123
1.2,1.091,1.146,1.045,1.064,0.109,0.155
4.0,3.896,4.156,3.815,3.864,0.104,0.185
1.0,1.109,1.35,1.141,1.186,-0.109,-0.141
1.0,1.023,1.136,0.941,0.949,-0.023,0.059
1.0,1.502,1.287,1.324,1.411,-0.502,-0.324
3.3,3.273,2.773,3.266,3.322,0.027,0.034
1.1,1.154,1.281,1.177,1.19,-0.054,-0.077
3.5,3.583,3.559,3.638,3.563,-0.083,-0.138
0.7,0.695,0.685,0.644,0.614,0.005,0.056
0.7,0.621,0.796,0.743,0.685,0.079,-0.043
1.8,1.821,1.755,1.752,1.793,-0.021,0.048
1.7,1.687,1.672,1.847,1.87,0.013,-0.147
0.6,0.689,0.574,0.54,0.572,-0.089,0.06
2.7,2.662,2.589,2.591,2.488,0.038,0.109
4.5,4.178,4.238,4.286,4.136,0.322,0.214
1.4,1.601,1.373,1.643,1.664,-0.201,-0.243
1.1,0.779,0.927,0.874,0.778,0.321,0.226
2.0,1.595,1.866,1.815,1.741,0.405,0.185
0.8,0.94,0.93,0.846,0.858,-0.14,-0.046
0.7,0.663,0.682,0.653,0.709,0.037,0.047
1.2,1.601,1.38,1.485,1.532,-0.401,-0.285
5.0,4.041,4.228,3.983,3.807,0.959,1.017
1.1,1.003,1.096,0.956,1.039,0.097,0.144
4.1,3.425,3.846,3.412,3.546,0.675,0.688
1.6,1.403,1.624,1.456,1.514,0.197,0.144
0.8,0.72,0.803,0.805,0.736,0.08,-0.005
2.3,2.574,2.517,2.507,2.567,-0.274,-0.207
1.3,1.436,1.402,1.475,1.482,-0.136,-0.175
3.4,3.125,3.246,3.142,3.208,0.275,0.258
3.6,3.774,3.666,3.655,3.567,-0.174,-0.055
1.1,0.968,1.104,0.952,0.952,0.132,0.148
1.5,1.571,1.566,1.415,1.36,-0.071,0.085
2.9,2.65,2.667,2.859,2.757,0.25,0.041
0.9,0.953,0.89,0.905,0.914,-0.053,-0.005
0.3,0.305,0.311,0.31,0.309,-0.005,-0.01
2.6,2.427,2.642,2.461,2.439,0.173,0.139
4.8,4.365,4.696,4.712,4.576,0.435,0.088
5.5,5.499,5.414,5.462,5.424,0.001,0.038
2.2,2.146,2.206,2.177,2.227,0.054,0.023
0.9,1.657,1.101,1.327,1.499,-0.757,-0.427
1.8,1.758,1.863,1.725,1.847,0.042,0.075
2.3,2.135,2.225,2.198,2.152,0.165,0.102
0.6,0.756,0.77,0.684,0.645,-0.156,-0.084
2.3,2.347,2.407,2.483,2.411,-0.047,-0.183
0.3,0.54,0.198,0.406,0.466,-0.24,-0.106
0.7,0.878,0.666,0.828,0.883,-0.178,-0.128
11.5,9.857,10.785,10.876,10.368,1.643,0.624
3.7,2.784,3.6,3.242,3.146,0.916,0.458
1.5,1.725,1.57,1.666,1.696,-0.225,-0.166
0.4,0.436,0.411,0.424,0.438,-0.036,-0.024
1.7,1.653,1.712,1.723,1.692,0.047,-0.023
1.1,1.058,1.334,1.06,1.019,0.042,0.04
3.5,3.039,3.401,3.117,3.172,0.461,0.383
1.1,1.132,1.128,1.208,1.179,-0.032,-0.108
0.1,1.032,0.966,0.937,1.041,-0.932,-0.837
3.3,3.547,3.53,3.583,3.605,-0.247,-0.283
3.0,3.131,3.076,3.178,3.154,-0.131,-0.178
0.5,1.261,0.665,0.941,0.991,-0.761,-0.441
1.6,1.744,1.518,1.736,1.787,-0.144,-0.136
1.6,2.413,1.946,2.118,2.292,-0.813,-0.518
2.3,2.141,2.214,2.158,2.176,0.159,0.142
1.7,1.759,1.666,1.77,1.789,-0.059,-0.07
3.2,3.522,3.392,3.547,3.635,-0.322,-0.347
0.5,1.47,1.543,1.18,1.387,-0.97,-0.68
1.2,1.339,1.272,1.256,1.354,-0.139,-0.056
1.2,1.823,1.589,1.638,1.73,-0.623,-0.438
5.0,4.533,4.578,4.34,4.415,0.467,0.66
1.0,0.822,1.093,0.79,0.628,0.178,0.21
1.4,1.653,1.664,1.649,1.671,-0.253,-0.249
8.0,8.138,8.128,8.106,8.201,-0.138,-0.106
0.9,0.902,1.103,0.95,0.834,-0.002,-0.05
0.8,0.899,0.855,0.878,0.92,-0.099,-0.078
1.1,0.894,1.107,0.952,0.94,0.206,0.148
0.4,0.432,0.335,0.471,0.533,-0.032,-0.071
6.8,7.022,6.979,7.156,6.889,-0.222,-0.356
2.4,2.382,2.291,2.257,2.204,0.018,0.143
4.5,4.301,4.526,4.282,4.239,0.199,0.218
0.4,0.486,0.214,0.351,0.368,-0.086,0.049
1.1,0.993,1.185,1.238,1.185,0.107,-0.138
1.5,1.29,1.468,1.318,1.286,0.21,0.182
1.7,1.51,1.681,1.469,1.523,0.19,0.231
2.8,2.755,2.801,2.734,2.507,0.045,0.066
1.5,1.349,1.493,1.517,1.486,0.151,-0.017
1.2,1.008,1.096,1.058,1.055,0.192,0.142
4.2,4.404,4.274,4.277,4.312,-0.204,-0.077
0.6,0.569,0.699,0.495,0.526,0.031,0.105
3.0,4.649,4.94,4.485,4.556,-1.649,-1.485
1.1,1.159,1.169,1.17,1.242,-0.059,-0.07
1.1,0.839,0.924,0.949,0.913,0.261,0.151
1.8,1.688,1.645,1.667,1.68,0.112,0.133
1.4,1.232,1.253,1.232,1.282,0.168,0.168
0.5,0.372,0.426,0.478,0.466,0.128,0.022
0.9,0.788,0.73,0.773,0.717,0.112,0.127
2.0,2.027,2.002,1.979,1.89,-0.027,0.021
2.1,1.919,2.02,2.1,2.079,0.181,-0.0
1.4,1.297,1.345,1.315,1.305,0.103,0.085
3.4,3.596,3.243,3.468,3.589,-0.196,-0.068
2.1,2.181,2.194,2.18,2.13,-0.081,-0.08
2.8,2.946,2.961,3.117,3.117,-0.146,-0.317
1.7,1.55,1.713,1.632,1.718,0.15,0.068
1.0,0.909,0.961,0.864,0.849,0.091,0.136
3.0,2.295,2.448,2.524,2.491,0.705,0.476
7.7,7.389,8.495,7.979,7.537,0.311,-0.279
1.3,1.666,1.588,1.63,1.72,-0.366,-0.33
0.7,0.975,0.825,0.901,0.912,-0.275,-0.201
0.7,0.811,0.733,0.719,0.778,-0.111,-0.019
2.0,1.948,1.994,1.906,1.834,0.052,0.094
2.4,2.824,2.463,2.528,2.583,-0.424,-0.128
4.8,4.715,4.78,4.463,4.73,0.085,0.337
2.7,2.508,2.636,2.625,2.512,0.192,0.075
0.6,0.635,0.707,0.727,0.733,-0.035,-0.127
0.8,0.874,0.82,0.809,0.839,-0.074,-0.009
0.8,0.741,0.873,0.785,0.727,0.059,0.015
1.5,1.629,1.593,1.611,1.591,-0.129,-0.111
3.7,3.52,3.516,3.472,3.476,0.18,0.228
2.5,2.547,2.352,2.491,2.463,-0.047,0.009
2.2,2.075,2.085,2.089,2.109,0.125,0.111
1.6,2.137,1.79,2.031,2.324,-0.537,-0.431
0.4,0.45,0.407,0.542,0.608,-0.05,-0.142
4.3,3.786,4.377,4.182,3.975,0.514,0.118
3.0,2.483,2.538,2.532,2.487,0.517,0.468
0.8,0.889,0.848,0.855,0.935,-0.089,-0.055
4.0,3.753,3.895,3.789,3.713,0.247,0.211
2.5,3.335,3.105,2.836,2.78,-0.835,-0.336
0.6,0.644,0.531,0.585,0.588,-0.044,0.015
2.1,2.107,2.133,2.277,2.338,-0.007,-0.177
2.4,2.413,2.399,2.58,2.666,-0.013,-0.18
0.7,0.533,0.563,0.732,0.638,0.167,-0.032
1.0,0.967,1.116,0.947,0.935,0.033,0.053
1.9,1.697,1.864,1.8,1.791,0.203,0.1
1.0,0.724,0.901,0.839,0.848,0.276,0.161
1.7,1.661,1.689,1.665,1.646,0.039,0.035
1.9,1.899,1.964,2.241,2.23,0.001,-0.341
3.1,3.762,3.332,3.504,3.522,-0.662,-0.404
1.5,1.3,1.262,1.255,1.213,0.2,0.245
1.4,1.396,1.334,1.289,1.344,0.004,0.111
0.4,0.921,1.08,0.893,0.904,-0.521,-0.493
0.7,0.943,0.912,0.926,0.919,-0.243,-0.226
1.4,1.425,1.383,1.393,1.365,-0.025,0.007
1.2,1.71,1.87,1.972,1.969,-0.51,-0.772
6.0,5.343,5.679,5.527,5.458,0.657,0.473
0.8,1.043,1.022,1.066,1.092,-0.243,-0.266
6.4,6.894,6.417,6.386,6.938,-0.494,0.014
0.9,0.823,0.852,0.864,0.808,0.077,0.036
1.9,2.155,2.568,2.502,2.391,-0.255,-0.602
1.6,1.599,1.597,1.649,1.55,0.001,-0.049
2.2,2.114,2.363,2.035,2.27,0.086,0.165
1.7,1.361,1.446,1.397,1.361,0.339,0.303
1.6,1.684,1.874,1.692,1.711,-0.084,-0.092
4.9,4.773,4.432,4.538,4.624,0.127,0.362
2.0,2.006,2.025,1.918,1.982,-0.006,0.082
1.0,0.892,0.833,0.871,0.855,0.108,0.129
1.0,0.999,0.796,0.841,0.848,0.001,0.159
3.5,3.449,3.351,3.333,3.317,0.051,0.167
0.9,1.039,0.712,0.862,0.861,-0.139,0.038
1.1,1.192,1.028,1.109,1.128,-0.092,-0.009
2.0,1.916,1.848,1.912,1.863,0.084,0.088
0.5,0.528,0.495,0.506,0.506,-0.028,-0.006
2.4,2.344,2.278,2.302,2.337,0.056,0.098
1.0,0.817,0.942,0.813,0.822,0.183,0.187
1.3,2.12,1.426,1.457,1.9,-0.82,-0.157
0.5,0.551,0.695,0.678,0.625,-0.051,-0.178
1.0,1.072,1.08,1.127,1.08,-0.072,-0.127
2.0,2.216,2.023,2.23,2.275,-0.216,-0.23
3.3,3.028,3.229,2.946,2.806,0.272,0.354
1.0,1.22,1.23,1.351,1.46,-0.22,-0.351
1.3,1.181,1.214,1.14,1.221,0.119,0.16
1.2,1.117,1.342,1.124,1.075,0.083,0.076
3.4,2.913,3.917,3.241,3.13,0.487,0.159
4.1,3.807,4.145,3.772,3.637,0.293,0.328
3.0,3.189,3.178,3.251,3.221,-0.189,-0.251
8.7,7.769,8.818,8.213,8.127,0.931,0.487
2.4,2.247,2.36,2.274,2.215,0.153,0.126
8.4,8.51,8.286,8.055,8.151,-0.11,0.345
2.4,3.012,2.789,2.703,2.805,-0.612,-0.303
0.8,0.896,0.835,0.917,0.902,-0.096,-0.117
1.1,1.183,1.312,1.385,1.338,-0.083,-0.285
4.5,4.164,4.522,4.305,4.3,0.336,0.195
2.2,2.059,1.972,1.966,1.847,0.141,0.234
1.4,1.815,1.728,1.804,1.831,-0.415,-0.404
4.3,3.537,3.817,3.666,3.663,0.763,0.634
1.1,0.948,1.016,0.945,0.981,0.152,0.155
2.3,2.231,2.365,2.351,2.224,0.069,-0.051
4.1,4.731,4.406,4.54,4.525,-0.631,-0.44
4.3,4.035,4.326,4.106,4.211,0.265,0.194
3.3,3.762,3.901,3.688,3.863,-0.462,-0.388
5.0,4.895,5.663,4.939,5.312,0.105,0.061
0.6,0.638,0.576,0.673,0.685,-0.038,-0.073
5.9,5.463,5.366,5.203,5.361,0.437,0.697
2.9,2.766,2.695,2.714,2.669,0.134,0.186
2.2,2.449,2.456,2.352,2.427,-0.249,-0.152
1.0,0.872,1.039,1.083,1.04,0.128,-0.083
2.9,2.785,2.596,2.817,2.677,0.115,0.083
0.6,0.6,0.565,0.594,0.561,0.0,0.006
2.0,1.995,1.876,1.958,1.957,0.005,0.042
0.6,0.603,0.541,0.595,0.646,-0.003,0.005
8.4,7.249,8.557,7.932,7.611,1.151,0.468
5.7,4.473,5.055,4.58,4.486,1.227,1.12
1.7,1.681,1.549,1.488,1.647,0.019,0.212
0.6,0.483,0.591,0.49,0.463,0.117,0.11
3.3,3.185,3.17,3.1,3.192,0.115,0.2
2.8,2.839,2.8,2.786,2.802,-0.039,0.014
2.0,2.004,1.884,2.007,2.008,-0.004,-0.007
0.1,0.386,0.31,0.391,0.431,-0.286,-0.291
0.2,1.151,1.092,0.864,1.201,-0.951,-0.664
4.4,4.747,4.536,4.631,4.652,-0.347,-0.231
1.3,1.318,1.354,1.263,1.321,-0.018,0.037
0.9,1.145,1.01,1.073,1.148,-0.245,-0.173
2.0,2.101,1.907,2.08,2.14,-0.101,-0.08
1.7,1.689,1.68,1.78,1.674,0.011,-0.08
2.5,2.371,2.539,2.35,2.28,0.129,0.15
0.5,0.582,0.418,0.523,0.548,-0.082,-0.023
0.6,0.551,0.655,0.526,0.53,0.049,0.074
2.5,2.121,2.218,2.279,2.287,0.379,0.221
1.2,1.331,1.23,1.354,1.303,-0.131,-0.154
2.5,2.609,2.523,2.547,2.603,-0.109,-0.047
1.1,1.105,1.032,1.033,1.006,-0.005,0.067
3.5,3.392,3.548,3.472,3.514,0.108,0.028
1.4,1.393,1.174,1.407,1.341,0.007,-0.007
4.8,3.975,4.261,4.261,4.126,0.825,0.539
2.6,2.288,2.212,1.994,2.075,0.312,0.606
0.5,0.622,0.637,0.507,0.57,-0.122,-0.007
0.8,0.951,0.889,0.952,0.946,-0.151,-0.152
0.4,0.431,0.456,0.495,0.504,-0.031,-0.095
1.1,1.122,1.043,1.149,1.174,-0.022,-0.049
3.9,3.997,3.649,3.939,4.028,-0.097,-0.039
0.7,1.559,1.408,1.277,1.588,-0.859,-0.577
1.0,1.186,1.04,1.019,1.032,-0.186,-0.019
2.4,3.086,2.983,2.669,2.864,-0.686,-0.269
2.8,2.752,2.871,2.736,2.728,0.048,0.064
1.3,1.045,1.161,1.092,1.128,0.255,0.208
5.7,5.585,5.221,5.357,5.284,0.115,0.343
2.7,2.882,2.829,2.86,2.979,-0.182,-0.16
2.1,2.058,1.772,1.996,2.017,0.042,0.104
2.5,2.352,2.282,2.506,2.485,0.148,-0.006
3.5,3.351,3.145,3.606,3.584,0.149,-0.106
1.5,1.406,1.474,1.41,1.413,0.094,0.09
2.4,2.35,2.358,2.552,2.599,0.05,-0.152
2.5,2.762,2.69,2.651,2.782,-0.262,-0.151
2.2,2.088,2.151,2.102,2.004,0.112,0.098
2.9,3.267,2.981,3.16,3.146,-0.367,-0.26
1.2,1.285,1.246,1.395,1.352,-0.085,-0.195
0.9,0.993,1.152,0.912,0.935,-0.093,-0.012
0.4,0.41,0.36,0.371,0.395,-0.01,0.029
1.7,1.57,1.659,1.555,1.579,0.13,0.145
2.7,2.688,2.742,2.766,2.8,0.012,-0.066
1.7,1.734,1.792,1.663,1.643,-0.034,0.037
0.9,1.265,1.444,1.497,1.625,-0.365,-0.597
1.7,1.831,1.967,1.803,1.859,-0.131,-0.103
5.6,3.65,4.662,4.269,4.138,1.95,1.331
5.0,4.472,4.837,4.689,4.54,0.528,0.311
1.1,0.83,1.025,0.973,0.894,0.27,0.127
0.8,0.747,0.841,0.773,0.751,0.053,0.027
5.1,5.229,5.1,5.37,5.562,-0.129,-0.27
1.2,1.231,1.452,1.088,1.391,-0.031,0.112
2.7,3.174,2.863,3.111,3.207,-0.474,-0.411
2.0,1.613,1.687,1.75,1.702,0.387,0.25
0.9,0.814,0.671,0.772,0.771,0.086,0.128
2.8,2.772,2.751,2.906,2.748,0.028,-0.106
0.9,1.011,0.999,0.925,0.946,-0.111,-0.025
4.6,3.945,4.539,4.121,4.082,0.655,0.479
1.4,1.358,1.354,1.379,1.284,0.042,0.021
2.7,3.031,2.849,2.927,2.9,-0.331,-0.227
2.3,2.469,2.884,2.922,2.648,-0.169,-0.622
1.8,1.808,2.021,1.851,1.811,-0.008,-0.051
5.7,5.6,5.83,5.707,5.945,0.1,-0.007
2.2,2.299,2.421,2.393,2.44,-0.099,-0.193
1.0,0.962,0.991,0.96,0.945,0.038,0.04
1.5,1.502,1.272,1.533,1.483,-0.002,-0.033
2.9,2.657,2.742,2.782,2.703,0.243,0.118
2.1,2.206,2.322,2.09,2.091,-0.106,0.01
2.5,2.474,2.29,2.577,2.51,0.026,-0.077
1.6,1.594,1.331,1.651,1.67,0.006,-0.051
1.1,1.177,1.137,1.149,1.056,-0.077,-0.049
0.8,0.695,0.832,0.758,0.727,0.105,0.042
1.0,1.33,1.181,1.148,1.169,-0.33,-0.148
3.2,3.687,3.394,3.766,3.805,-0.487,-0.566
0.4,0.414,0.364,0.385,0.418,-0.014,0.015
1.9,1.901,1.884,1.911,1.839,-0.001,-0.011
3.2,3.443,3.402,3.435,3.645,-0.243,-0.235
5.2,2.382,2.736,2.798,2.601,2.818,2.402
3.6,3.269,3.408,3.663,3.505,0.331,-0.063
2.8,2.637,2.943,3.229,2.73,0.163,-0.429
1.7,1.876,1.88,1.779,1.679,-0.176,-0.079
0.6,0.703,0.576,0.644,0.587,-0.103,-0.044
4.7,4.063,4.597,4.318,4.367,0.637,0.382
1.9,1.975,1.875,1.855,1.957,-0.075,0.045
2.0,2.102,2.223,2.007,2.056,-0.102,-0.007
2.7,2.49,2.435,2.499,2.502,0.21,0.201
5.2,4.842,4.941,4.938,5.037,0.358,0.262
5.5,3.413,4.293,4.035,3.714,2.087,1.465
1.1,1.845,1.481,1.542,1.716,-0.745,-0.442
5.0,5.379,5.526,5.555,5.684,-0.379,-0.555
4.1,3.612,4.353,3.894,3.601,0.488,0.206
2.3,2.244,2.395,2.315,2.227,0.056,-0.015
2.6,2.522,2.684,2.39,2.433,0.078,0.21
3.0,3.706,3.438,3.69,3.697,-0.706,-0.69
4.7,4.633,4.782,4.557,4.837,0.067,0.143
1.1,1.011,0.933,0.93,1.03,0.089,0.17
3.9,4.009,3.923,4.045,3.925,-0.109,-0.145
0.4,0.501,0.493,0.396,0.401,-0.101,0.004
0.9,0.624,0.666,0.806,0.676,0.276,0.094
2.1,2.767,2.448,2.511,2.677,-0.667,-0.411
2.0,2.143,2.105,1.976,2.054,-0.143,0.024
0.5,0.434,0.467,0.421,0.457,0.066,0.079
4.3,2.61,2.745,3.082,3.049,1.69,1.218
1.0,1.179,0.982,1.075,1.31,-0.179,-0.075
2.3,2.563,2.631,2.789,2.755,-0.263,-0.489
2.4,1.845,1.98,1.881,1.85,0.555,0.519
0.7,0.574,0.65,0.584,0.54,0.126,0.116
1.3,1.376,1.053,1.19,1.258,-0.076,0.11
2.1,2.105,2.033,1.958,2.1,-0.005,0.142
1.3,1.221,1.195,1.209,1.233,0.079,0.091
2.0,2.072,2.016,2.004,2.017,-0.072,-0.004
1.5,1.457,1.671,1.621,1.601,0.043,-0.121
1.2,0.891,1.158,1.003,0.883,0.309,0.197
1.0,0.791,0.754,0.778,0.737,0.209,0.222
4.2,4.235,4.397,4.248,4.212,-0.035,-0.048
4.9,4.827,4.774,4.72,4.799,0.073,0.18
1.5,1.459,1.418,1.424,1.383,0.041,0.076
2.2,1.884,1.856,1.797,1.812,0.316,0.403
2.4,2.176,2.487,2.165,2.231,0.224,0.235
0.6,0.494,0.497,0.437,0.449,0.106,0.163
2.6,2.327,2.303,2.504,2.432,0.273,0.096
2.1,1.989,1.799,1.954,1.902,0.111,0.146
2.8,2.654,2.865,2.695,2.531,0.146,0.105
0.9,1.886,1.638,1.587,1.887,-0.986,-0.687
4.0,4.151,4.3,4.157,4.286,-0.151,-0.157
0.4,0.634,0.648,0.589,0.6,-0.234,-0.189
2.0,1.907,1.941,1.922,1.979,0.093,0.078
0.5,0.526,0.469,0.528,0.521,-0.026,-0.028
1.0,0.82,0.947,0.763,0.769,0.18,0.237
1.2,1.202,1.101,1.073,1.051,-0.002,0.127
2.3,2.689,2.266,2.775,2.548,-0.389,-0.475
1.5,1.692,1.587,1.633,1.558,-0.192,-0.133
1.5,1.66,1.337,1.509,1.379,-0.16,-0.009
5.8,5.071,5.843,5.301,5.033,0.729,0.499
3.8,4.157,3.917,3.975,4.054,-0.357,-0.175
0.5,0.537,0.508,0.525,0.528,-0.037,-0.025
2.9,3.791,2.965,3.464,3.598,-0.891,-0.564
0.9,1.136,1.384,0.952,1.084,-0.236,-0.052
1.0,0.835,0.723,0.943,0.898,0.165,0.057
1.1,1.31,1.297,1.253,1.211,-0.21,-0.153
0.9,0.837,0.898,0.891,0.86,0.063,0.009
1.4,1.497,1.362,1.458,1.589,-0.097,-0.058
2.9,2.634,2.821,2.839,2.807,0.266,0.061
2.1,2.368,2.114,2.469,2.37,-0.268,-0.369
3.4,3.614,3.416,3.59,3.798,-0.214,-0.19
2.7,2.835,3.002,3.08,2.982,-0.135,-0.38
2.7,2.618,2.559,2.583,2.692,0.082,0.117
1.5,1.554,1.614,1.591,1.556,-0.054,-0.091
1.5,1.063,1.203,1.166,1.05,0.437,0.334
1.0,0.967,0.877,0.942,0.92,0.033,0.058
0.6,0.992,0.742,0.8,0.838,-0.392,-0.2
1.3,1.363,1.25,1.321,1.301,-0.063,-0.021
2.6,3.042,2.71,3.136,3.205,-0.442,-0.536
1.3,1.109,1.114,1.117,1.089,0.191,0.183
0.5,0.465,0.475,0.53,0.548,0.035,-0.03
0.6,0.581,0.517,0.509,0.544,0.019,0.091
1.8,1.752,1.641,1.821,1.829,0.048,-0.021
0.7,0.922,0.749,0.811,0.82,-0.222,-0.111
0.5,0.614,0.536,0.573,0.599,-0.114,-0.073
1.2,1.292,1.116,1.254,1.282,-0.092,-0.054
2.9,3.402,3.314,3.013,3.322,-0.502,-0.113
5.7,5.687,5.595,5.946,5.87,0.013,-0.246
3.1,2.824,2.889,2.951,2.814,0.276,0.149
3.4,3.541,3.474,3.488,3.414,-0.141,-0.088
2.4,3.318,2.583,2.633,3.329,-0.918,-0.233
0.3,0.614,0.429,0.363,0.504,-0.314,-0.063
5.2,4.437,4.61,4.729,4.587,0.763,0.471
0.8,0.701,0.904,0.643,0.717,0.099,0.157
1.0,1.017,0.978,0.992,1.036,-0.017,0.008
0.8,0.992,0.681,0.798,0.846,-0.192,0.002
4.9,4.874,4.854,4.921,4.861,0.026,-0.021
1.3,1.224,1.187,1.229,1.244,0.076,0.071
4.0,4.495,4.309,4.55,4.461,-0.495,-0.55
4.7,4.265,4.316,4.386,4.324,0.435,0.314
4.8,2.95,3.015,3.721,3.591,1.85,1.079
4.6,4.478,4.308,4.399,4.542,0.122,0.201
1.3,1.131,1.154,1.2,1.182,0.169,0.1
0.6,1.117,1.0,0.987,1.042,-0.517,-0.387
2.5,2.281,2.422,2.295,2.266,0.219,0.205
1.5,1.488,1.553,1.579,1.51,0.012,-0.079
4.7,3.91,4.539,3.937,4.131,0.79,0.763
3.4,3.602,3.793,3.513,3.563,-0.202,-0.113
0.9,0.899,0.906,0.871,0.848,0.001,0.029
0.9,0.731,0.93,0.981,1.014,0.169,-0.081
6.0,4.5,5.422,4.928,4.755,1.5,1.072
2.1,1.606,1.205,1.564,1.613,0.494,0.536
2.6,2.014,1.919,2.092,2.073,0.586,0.508
2.1,2.369,2.206,2.266,2.225,-0.269,-0.166
1.4,1.389,1.491,1.664,1.555,0.011,-0.264
1.0,1.192,1.196,1.055,1.035,-0.192,-0.055
2.0,1.919,1.66,1.869,2.015,0.081,0.131
0.3,1.513,1.474,1.506,1.357,-1.213,-1.206
8.1,8.58,8.478,8.436,8.459,-0.48,-0.336
1.2,1.214,1.161,1.26,1.215,-0.014,-0.06
1.8,1.991,1.96,2.042,2.008,-0.191,-0.242
4.2,4.804,4.59,4.739,4.694,-0.604,-0.539
2.1,1.95,2.049,2.052,2.067,0.15,0.048
1.9,2.041,2.056,2.022,1.94,-0.141,-0.122
2.7,2.991,2.82,2.775,2.768,-0.291,-0.075
4.2,4.025,3.438,4.072,4.233,0.175,0.128
0.2,0.516,0.33,0.386,0.442,-0.316,-0.186
2.5,2.377,1.867,2.364,2.355,0.123,0.136
2.1,1.955,2.094,1.965,1.982,0.145,0.135
1.7,1.522,1.499,1.586,1.648,0.178,0.114
0.7,0.867,0.765,0.759,0.759,-0.167,-0.059
3.7,3.779,3.814,3.747,3.702,-0.079,-0.047
1.6,1.763,1.703,1.868,1.824,-0.163,-0.268
3.5,3.642,3.327,3.588,3.628,-0.142,-0.088
1.2,1.134,1.157,1.211,1.173,0.066,-0.011
0.1,0.517,0.109,0.46,0.452,-0.417,-0.36
1.4,1.561,1.567,1.429,1.565,-0.161,-0.029
0.6,0.52,0.572,0.554,0.584,0.08,0.046
1.4,1.115,1.341,1.251,1.253,0.285,0.149
5.4,4.491,5.37,4.673,4.581,0.909,0.727
2.3,2.455,2.346,2.385,2.369,-0.155,-0.085
1.8,1.751,1.62,1.729,1.694,0.049,0.071
2.1,2.17,1.923,2.129,2.143,-0.07,-0.029
2.3,2.121,2.185,2.119,2.126,0.179,0.181
0.7,0.666,0.602,0.645,0.623,0.034,0.055
0.5,0.562,0.409,0.494,0.498,-0.062,0.006
0.9,0.669,0.734,0.587,0.56,0.231,0.313
2.0,1.946,2.11,2.108,2.12,0.054,-0.108
2.2,2.048,2.177,2.0,1.963,0.152,0.2
4.3,3.455,4.189,3.679,3.459,0.845,0.621
2.7,1.571,1.581,2.001,1.69,1.129,0.699
3.8,3.527,3.498,3.574,3.605,0.273,0.226
4.4,3.981,4.163,3.874,4.039,0.419,0.526
3.0,3.466,3.227,3.479,3.516,-0.466,-0.479
3.5,3.814,3.676,3.947,3.892,-0.314,-0.447
4.1,4.031,4.118,4.148,4.197,0.069,-0.048
4.5,4.235,4.543,4.402,4.621,0.265,0.098
2.1,2.342,2.26,2.397,2.4,-0.242,-0.297
1.3,1.286,1.337,1.272,1.277,0.014,0.028
2.0,1.589,1.539,1.623,1.653,0.411,0.377
1.3,1.107,1.221,1.241,1.268,0.193,0.059
5.5,5.543,5.393,5.279,5.304,-0.043,0.221
2.0,1.968,2.064,2.095,2.007,0.032,-0.095
1.8,1.852,1.738,1.799,1.821,-0.052,0.001
0.9,1.497,1.331,1.442,1.491,-0.597,-0.542
0.7,1.042,0.801,0.865,0.83,-0.342,-0.165
1.4,1.197,1.058,1.208,1.243,0.203,0.192
0.7,0.679,0.55,0.731,0.744,0.021,-0.031
2.7,2.403,2.47,2.428,2.456,0.297,0.272
1.5,1.476,1.539,1.675,1.542,0.024,-0.175
3.2,3.561,3.0,3.502,3.502,-0.361,-0.302
3.6,3.367,3.911,3.444,3.38,0.233,0.156
1.9,1.401,1.576,1.674,1.653,0.499,0.226
2.3,1.384,1.662,1.907,1.727,0.916,0.393
3.0,2.826,3.211,3.004,3.134,0.174,-0.004
4.4,4.64,4.217,4.389,4.383,-0.24,0.011
2.0,1.593,1.975,1.829,1.771,0.407,0.171
0.7,0.908,0.862,0.862,0.855,-0.208,-0.162
2.3,2.199,2.375,2.21,2.235,0.101,0.09
5.8,5.752,5.264,6.01,5.656,0.048,-0.21
3.7,2.944,3.321,3.071,2.952,0.756,0.629
1.0,0.849,0.917,0.891,0.926,0.151,0.109
4.8,4.605,4.754,4.517,4.707,0.195,0.283
2.5,2.406,2.556,2.377,2.324,0.094,0.123
1.5,1.36,1.36,1.413,1.393,0.14,0.087
0.6,0.665,0.684,0.606,0.572,-0.065,-0.006
1.5,1.303,1.528,1.324,1.257,0.197,0.176
2.4,2.171,2.154,2.168,2.069,0.229,0.232
2.7,2.947,2.865,2.999,3.002,-0.247,-0.299
1.9,1.842,1.799,1.774,1.706,0.058,0.126
2.0,2.124,2.098,2.121,2.058,-0.124,-0.121
2.9,3.345,3.294,3.337,3.363,-0.445,-0.437
1.9,1.726,1.507,1.629,1.679,0.174,0.271
0.8,0.725,0.944,0.794,0.797,0.075,0.006
0.8,0.671,0.664,0.737,0.647,0.129,0.063
0.2,0.241,0.297,0.254,0.297,-0.041,-0.054
0.8,1.447,1.466,1.525,1.466,-0.647,-0.725
1.8,1.659,1.606,1.71,1.725,0.141,0.09
0.4,0.427,0.404,0.381,0.415,-0.027,0.019
2.8,2.569,2.522,2.669,2.583,0.231,0.131
3.5,3.489,3.504,3.411,3.586,0.011,0.089
3.3,3.337,3.382,3.287,3.393,-0.037,0.013
3.1,3.006,2.842,2.931,2.941,0.094,0.169
2.0,1.889,2.116,1.984,1.939,0.111,0.016
1.2,1.126,1.191,1.178,1.263,0.074,0.022
0.6,0.55,0.577,0.592,0.591,0.05,0.008
1.0,0.833,1.002,0.905,0.83,0.167,0.095
1.0,0.924,1.037,0.97,0.906,0.076,0.03
1.7,1.605,1.59,1.651,1.596,0.095,0.049
2.7,2.753,2.816,2.804,2.853,-0.053,-0.104
0.9,0.963,0.853,0.924,0.926,-0.063,-0.024
0.9,1.052,0.973,1.016,1.066,-0.152,-0.116
1.2,1.138,1.077,1.201,1.119,0.062,-0.001
1.1,1.069,1.013,1.019,1.042,0.031,0.081
2.4,2.542,2.388,2.539,2.392,-0.142,-0.139
0.9,0.804,0.859,0.766,0.756,0.096,0.134
0.7,0.775,0.835,0.717,0.74,-0.075,-0.017
5.9,5.552,5.672,5.457,5.521,0.348,0.443
1.8,1.959,1.964,1.965,2.006,-0.159,-0.165
4.4,4.36,4.608,4.387,4.454,0.04,0.013
2.9,2.634,2.804,2.558,2.336,0.266,0.342
2.8,2.871,2.935,2.906,2.852,-0.071,-0.106
0.9,0.702,0.811,0.732,0.706,0.198,0.168
2.1,2.039,1.91,2.083,2.097,0.061,0.017
0.6,0.809,0.708,0.802,0.73,-0.209,-0.202
1.7,1.709,1.526,1.623,1.663,-0.009,0.077
1.0,0.934,1.034,0.952,0.936,0.066,0.048
0.7,0.545,0.643,0.625,0.576,0.155,0.075
3.8,3.555,3.784,3.694,3.566,0.245,0.106
2.5,2.81,2.949,2.945,2.793,-0.31,-0.445
2.3,2.393,2.648,2.569,2.478,-0.093,-0.269
0.8,0.768,0.864,0.945,0.866,0.032,-0.145
0.6,0.552,0.518,0.584,0.604,0.048,0.016
3.5,3.327,3.457,3.303,3.326,0.173,0.197
2.1,2.324,2.183,2.236,2.173,-0.224,-0.136
2.1,2.183,2.199,2.038,2.063,-0.083,0.062
0.5,0.55,0.555,0.493,0.579,-0.05,0.007
1.7,1.699,1.69,1.649,1.596,0.001,0.051
1.1,1.175,1.194,1.08,1.117,-0.075,0.02
1.8,1.79,1.953,1.753,1.645,0.01,0.047
5.8,5.552,5.569,5.542,5.543,0.248,0.258
3.2,3.258,3.193,3.04,3.101,-0.058,0.16
1.0,2.059,1.883,1.813,2.036,-1.059,-0.813
0.5,0.652,0.692,0.65,0.693,-0.152,-0.15
1.6,1.45,1.426,1.499,1.478,0.15,0.101
4.0,3.16,3.384,3.338,3.112,0.84,0.662
1.2,0.994,1.165,1.148,1.129,0.206,0.052
1.1,1.096,0.989,1.057,0.968,0.004,0.043
1.8,1.854,1.874,1.883,1.892,-0.054,-0.083
4.5,4.127,4.205,4.188,3.989,0.373,0.312
0.6,0.545,0.503,0.504,0.565,0.055,0.096
2.0,1.67,1.728,1.669,1.585,0.33,0.331
0.9,1.016,0.811,0.875,1.003,-0.116,0.025
0.8,0.905,0.802,0.77,0.828,-0.105,0.03
3.7,3.667,3.609,3.776,3.771,0.033,-0.076
3.1,3.678,3.318,3.565,3.684,-0.578,-0.465
0.6,0.52,0.544,0.545,0.513,0.08,0.055
1.4,1.53,1.421,1.638,1.7,-0.13,-0.238
2.8,2.637,2.946,2.75,2.789,0.163,0.05
1.1,1.025,1.17,1.069,0.982,0.075,0.031
2.2,2.099,2.185,2.037,2.034,0.101,0.163
0.4,0.6,0.491,0.427,0.632,-0.2,-0.027
1.4,1.777,1.52,1.731,1.796,-0.377,-0.331
5.9,4.935,5.006,5.369,5.172,0.965,0.531
2.3,2.442,2.419,2.56,2.517,-0.142,-0.26
1.1,0.981,1.148,0.897,1.13,0.119,0.203
1.0,0.799,0.894,0.884,0.918,0.201,0.116
3.9,3.627,3.898,3.679,3.628,0.273,0.221
2.5,2.321,2.211,2.309,2.246,0.179,0.191
0.6,0.698,0.781,0.673,0.647,-0.098,-0.073
1.8,2.063,1.783,2.008,2.102,-0.263,-0.208
3.7,3.862,3.913,4.001,3.964,-0.162,-0.301
0.7,1.307,1.452,1.102,1.152,-0.607,-0.402
2.3,2.182,2.056,2.109,2.106,0.118,0.191
4.5,4.221,4.426,4.183,4.248,0.279,0.317
1.5,2.894,2.746,2.746,2.915,-1.394,-1.246
4.7,5.076,5.107,5.309,5.071,-0.376,-0.609
0.9,0.894,0.938,0.921,0.823,0.006,-0.021
1.5,1.439,1.368,1.53,1.545,0.061,-0.03
1.1,0.926,1.02,0.95,0.895,0.174,0.15
4.0,3.585,3.739,3.857,3.877,0.415,0.143
2.6,2.548,2.795,2.721,2.763,0.052,-0.121
2.6,2.713,2.687,2.707,2.646,-0.113,-0.107
2.7,2.479,2.547,2.361,2.476,0.221,0.339
1.6,1.517,1.601,1.518,1.448,0.083,0.082
0.6,0.698,0.714,0.591,0.666,-0.098,0.009
2.5,2.375,2.366,2.401,2.411,0.125,0.099
1.4,1.667,1.468,1.62,1.634,-0.267,-0.22
3.4,3.35,3.503,3.377,3.272,0.05,0.023
2.0,2.037,2.335,2.146,2.089,-0.037,-0.146
5.5,5.027,5.333,5.184,5.141,0.473,0.316
6.6,8.075,7.747,7.002,7.776,-1.475,-0.402
1.7,1.449,1.649,1.387,1.382,0.251,0.313
1.2,0.94,1.037,0.969,0.89,0.26,0.231
2.5,1.962,2.14,2.045,2.011,0.538,0.455
0.8,0.734,0.75,0.868,0.938,0.066,-0.068
5.5,5.356,5.474,5.306,5.206,0.144,0.194
1.0,1.114,1.07,1.065,1.112,-0.114,-0.065
1.0,1.085,1.313,1.078,0.956,-0.085,-0.078
1.3,1.569,1.386,1.016,1.185,-0.269,0.284
1.5,1.277,1.206,1.403,1.368,0.223,0.097
3.7,3.099,2.792,3.088,2.975,0.601,0.612
2.8,3.167,3.079,3.162,3.121,-0.367,-0.362
0.7,0.618,0.616,0.625,0.589,0.082,0.075
0.6,0.66,0.601,0.592,0.651,-0.06,0.008
2.4,2.568,2.332,2.382,2.331,-0.168,0.018
2.1,1.855,1.774,1.856,1.768,0.245,0.244
2.6,3.297,3.198,3.19,3.245,-0.697,-0.59
0.6,0.688,0.668,0.715,0.65,-0.088,-0.115
3.8,3.695,3.77,3.757,3.734,0.105,0.043
0.7,0.719,0.67,0.696,0.7,-0.019,0.004
3.2,3.697,3.4,3.631,3.527,-0.497,-0.431
0.9,0.763,0.891,0.867,0.831,0.137,0.033
5.7,5.345,5.451,5.462,5.5,0.355,0.238
2.9,3.37,3.231,3.277,3.242,-0.47,-0.377
0.7,0.701,0.631,0.852,0.89,-0.001,-0.152
3.8,3.884,4.089,4.045,4.033,-0.084,-0.245
3.8,3.928,3.639,3.876,3.745,-0.128,-0.076
2.6,2.593,2.579,2.505,2.344,0.007,0.095
3.8,3.934,3.677,3.943,3.881,-0.134,-0.143
1.7,1.814,1.898,1.925,1.95,-0.114,-0.225
2.0,2.041,1.941,2.032,2.151,-0.041,-0.032
3.3,3.397,3.258,3.16,3.323,-0.097,0.14
0.9,0.871,0.744,0.909,0.934,0.029,-0.009
2.1,2.478,2.203,2.396,2.291,-0.378,-0.296
1.4,1.117,1.364,1.238,1.259,0.283,0.162
2.6,2.133,2.318,2.322,2.257,0.467,0.278
1.9,1.87,1.749,1.873,1.846,0.03,0.027
1.2,0.944,0.831,1.019,1.002,0.256,0.181
2.9,2.667,2.845,2.64,2.694,0.233,0.26
4.4,4.329,3.904,4.161,4.275,0.071,0.239
2.3,2.331,2.289,2.331,2.392,-0.031,-0.031
3.7,3.932,3.678,3.785,3.863,-0.232,-0.085
3.2,3.16,3.253,3.216,3.211,0.04,-0.016
0.7,0.779,0.752,0.657,0.711,-0.079,0.043
1.7,1.705,1.615,1.714,1.774,-0.005,-0.014
2.4,2.38,2.327,2.24,2.264,0.02,0.16
3.1,2.252,2.748,2.957,2.704,0.848,0.143
1.0,0.934,0.952,0.969,0.916,0.066,0.031
1.4,1.257,1.314,1.328,1.272,0.143,0.072
1.7,1.848,1.674,1.921,1.857,-0.148,-0.221
3.5,3.929,3.747,3.966,3.835,-0.429,-0.466
1.0,1.127,0.986,1.192,1.27,-0.127,-0.192
5.4,4.323,4.853,4.705,4.515,1.077,0.695
1.3,1.601,1.372,1.308,1.476,-0.301,-0.008
1.0,1.361,1.045,1.201,1.302,-0.361,-0.201
5.3,5.756,5.578,5.904,5.759,-0.456,-0.604
4.3,4.116,4.13,4.071,4.079,0.184,0.229
1.6,1.856,1.714,1.806,1.796,-0.256,-0.206
2.6,2.668,2.8,2.877,2.721,-0.068,-0.277
1.8,1.64,1.679,1.743,1.623,0.16,0.057
2.5,2.355,2.507,2.38,2.439,0.145,0.12
1.8,1.873,2.012,2.138,2.04,-0.073,-0.338
1.3,1.324,1.124,1.25,1.277,-0.024,0.05
0.6,1.157,0.649,0.917,1.129,-0.557,-0.317
0.9,0.79,0.857,0.856,0.884,0.11,0.044
1.3,1.306,1.422,1.356,1.306,-0.006,-0.056
0.8,0.866,0.897,0.837,0.902,-0.066,-0.037
1.8,1.895,1.86,1.852,1.813,-0.095,-0.052
1.0,0.932,0.945,0.897,0.857,0.068,0.103
0.8,0.612,0.669,0.705,0.709,0.188,0.095
0.4,0.391,0.392,0.4,0.397,0.009,0.0
1.1,1.13,1.078,1.157,1.052,-0.03,-0.057
1.4,1.426,1.604,1.443,1.469,-0.026,-0.043
2.1,1.964,2.007,1.903,1.938,0.136,0.197
6.0,5.86,5.739,5.703,5.795,0.14,0.297
1.9,2.153,2.456,2.501,2.403,-0.253,-0.601
2.3,2.39,2.508,2.315,2.347,-0.09,-0.015
1.6,1.599,1.938,1.869,1.797,0.001,-0.269
1.0,1.034,0.93,0.972,0.957,-0.034,0.028
2.1,1.61,2.0,1.822,1.832,0.49,0.278
2.1,1.796,1.974,1.965,1.885,0.304,0.135
1.3,1.193,1.352,1.271,1.249,0.107,0.029
2.9,2.914,3.051,2.987,3.05,-0.014,-0.087
1.4,1.667,1.861,1.734,1.659,-0.267,-0.334
1.1,1.298,1.207,1.397,1.37,-0.198,-0.297
2.0,1.783,1.902,1.921,1.912,0.217,0.079
1.1,1.486,1.217,1.316,1.474,-0.386,-0.216
0.5,0.536,0.372,0.565,0.572,-0.036,-0.065
4.5,4.012,4.457,4.455,4.178,0.488,0.045
2.6,2.55,2.734,2.515,2.405,0.05,0.085
2.7,2.408,2.316,2.565,2.532,0.292,0.135
6.2,6.074,6.025,6.008,6.251,0.126,0.192
1.1,1.546,1.343,1.173,1.301,-0.446,-0.073
1.5,1.397,1.491,1.451,1.382,0.103,0.049
3.1,2.872,3.002,2.793,2.903,0.228,0.307
0.5,0.526,0.422,0.506,0.549,-0.026,-0.006
0.6,0.895,0.968,1.087,0.921,-0.295,-0.487
1.6,1.798,1.634,1.634,1.632,-0.198,-0.034
1.9,1.673,1.754,1.669,1.614,0.227,0.231
3.9,4.364,3.993,4.28,4.264,-0.464,-0.38
2.5,2.517,2.405,2.504,2.57,-0.017,-0.004
0.9,0.845,1.06,0.892,0.831,0.055,0.008
2.1,2.039,2.131,2.077,2.098,0.061,0.023
0.7,1.267,1.121,1.329,1.486,-0.567,-0.629
1.4,1.601,1.414,1.652,1.698,-0.201,-0.252
4.8,4.727,5.053,5.108,5.211,0.073,-0.308
5.7,4.748,5.351,4.986,4.829,0.952,0.714
1.7,1.909,1.883,1.918,1.872,-0.209,-0.218
2.6,2.626,2.507,2.33,2.476,-0.026,0.27
1.2,1.173,1.198,1.222,1.199,0.027,-0.022
1.4,1.868,1.576,1.701,1.794,-0.468,-0.301
2.5,2.425,2.453,2.397,2.425,0.075,0.103
0.4,0.38,0.301,0.372,0.401,0.02,0.028
4.1,3.954,4.069,3.895,3.92,0.146,0.205
1.5,1.322,1.494,1.423,1.418,0.178,0.077
2.3,2.364,2.179,2.266,2.251,-0.064,0.034
2.5,2.571,2.602,2.437,2.457,-0.071,0.063
1.5,1.146,1.313,1.25,1.295,0.354,0.25
0.9,0.957,0.714,0.98,0.81,-0.057,-0.08
0.7,1.064,1.124,1.14,1.269,-0.364,-0.44
4.7,5.016,4.848,5.075,5.121,-0.316,-0.375
3.4,3.415,3.401,3.537,3.499,-0.015,-0.137
0.7,0.553,0.593,0.682,0.66,0.147,0.018
1.4,1.452,1.472,1.395,1.406,-0.052,0.005
3.5,3.727,4.048,3.86,3.848,-0.227,-0.36
1.3,1.424,1.252,1.335,1.367,-0.124,-0.035
1.1,1.145,0.937,0.864,0.969,-0.045,0.236
1.6,1.564,1.512,1.513,1.584,0.036,0.087
1.9,2.038,2.029,2.1,2.084,-0.138,-0.2
5.0,5.002,4.782,4.97,5.06,-0.002,0.03
1.6,1.877,1.799,1.872,1.822,-0.277,-0.272
1.9,1.909,1.783,1.915,1.993,-0.009,-0.015
1.4,1.429,1.47,1.464,1.416,-0.029,-0.064
1.2,1.265,1.252,1.243,1.226,-0.065,-0.043
1.5,1.312,1.181,1.362,1.282,0.188,0.138
2.4,2.295,2.753,2.816,2.74,0.105,-0.416
0.6,0.652,0.738,0.603,0.612,-0.052,-0.003
5.3,5.399,5.43,5.338,5.535,-0.099,-0.038
2.6,2.4,2.416,2.334,2.636,0.2,0.266
1.6,1.502,1.585,1.572,1.517,0.098,0.028
4.1,4.176,3.836,4.077,4.026,-0.076,0.023
1.3,1.257,1.202,1.152,1.111,0.043,0.148
0.3,0.468,0.276,0.473,0.553,-0.168,-0.173
4.3,4.014,4.343,4.19,4.014,0.286,0.11
0.7,0.591,0.602,0.612,0.59,0.109,0.088
0.6,1.355,0.794,0.994,1.005,-0.755,-0.394
1.7,1.827,1.504,1.657,1.639,-0.127,0.043
0.3,0.371,0.401,0.363,0.346,-0.071,-0.063
1.0,0.911,0.825,0.833,0.806,0.089,0.167
1.6,1.444,1.467,1.521,1.54,0.156,0.079
0.8,0.764,0.84,0.826,0.846,0.036,-0.026
2.6,2.602,2.709,2.575,2.521,-0.002,0.025
0.1,0.46,0.407,0.485,0.54,-0.36,-0.385
2.5,2.3,2.449,2.365,2.338,0.2,0.135
1.4,1.43,1.325,1.375,1.403,-0.03,0.025
3.5,3.754,4.078,3.62,3.639,-0.254,-0.12
1.7,1.889,1.645,1.828,1.831,-0.189,-0.128
2.2,2.406,2.172,2.345,2.265,-0.206,-0.145
1.7,1.699,1.666,1.815,1.781,0.001,-0.115
1.3,1.199,1.246,1.328,1.264,0.101,-0.028
2.6,2.623,2.625,2.506,2.472,-0.023,0.094
2.0,1.983,2.049,2.073,2.043,0.017,-0.073
1.8,1.857,1.796,1.855,1.782,-0.057,-0.055
2.6,2.702,2.706,2.785,2.716,-0.102,-0.185
0.7,0.829,0.744,0.793,0.864,-0.129,-0.093
3.0,3.278,2.853,3.004,3.086,-0.278,-0.004
1.7,1.575,1.671,1.636,1.577,0.125,0.064
1.3,1.178,1.28,1.335,1.391,0.122,-0.035
2.4,2.38,2.406,2.428,2.43,0.02,-0.028
2.2,2.336,2.335,2.398,2.27,-0.136,-0.198
1.6,1.614,1.445,1.677,1.589,-0.014,-0.077
0.6,0.423,0.522,0.732,0.771,0.177,-0.132
0.5,0.692,0.583,0.73,0.688,-0.192,-0.23
2.9,2.814,2.898,2.925,2.86,0.086,-0.025
0.2,0.404,0.256,0.429,0.441,-0.204,-0.229
1.4,1.41,1.472,1.453,1.382,-0.01,-0.053
0.9,0.669,0.952,0.676,0.624,0.231,0.224
1.5,1.325,1.239,1.26,1.188,0.175,0.24
0.6,0.642,0.649,0.657,0.685,-0.042,-0.057
1.0,0.846,0.87,0.864,0.785,0.154,0.136
3.1,3.607,3.749,3.664,3.87,-0.507,-0.564
5.5,5.43,5.556,5.369,5.483,0.07,0.131
1.6,1.504,1.613,1.605,1.651,0.096,-0.005
2.4,2.431,2.208,2.374,2.487,-0.031,0.026
4.1,3.769,3.704,3.556,3.577,0.331,0.544
0.3,0.425,0.372,0.317,0.396,-0.125,-0.017
0.5,0.614,0.533,0.642,0.666,-0.114,-0.142
2.1,2.138,2.299,2.228,2.059,-0.038,-0.128
1.6,2.128,2.027,2.109,2.127,-0.528,-0.509
2.2,2.02,2.242,2.249,2.249,0.18,-0.049
0.8,0.758,0.633,0.755,0.773,0.042,0.045
0.9,0.8,0.83,0.878,0.878,0.1,0.022
0.6,0.542,0.397,0.554,0.582,0.058,0.046
0.8,0.797,0.878,0.839,0.772,0.003,-0.039
2.6,2.011,1.924,2.015,1.999,0.589,0.585
2.3,2.449,2.337,2.342,2.404,-0.149,-0.042
1.0,0.734,0.978,0.855,0.803,0.266,0.145
2.2,2.145,2.111,2.118,2.168,0.055,0.082
1.9,1.805,1.91,1.957,1.96,0.095,-0.057
1.0,0.99,1.053,1.12,1.042,0.01,-0.12
0.6,0.703,0.624,0.607,0.603,-0.103,-0.007
2.6,2.587,2.402,2.479,2.383,0.013,0.121
2.1,2.193,2.289,2.143,2.191,-0.093,-0.043
2.9,3.549,2.802,3.592,3.629,-0.649,-0.692
1.4,1.544,1.51,1.547,1.58,-0.144,-0.147
2.9,2.881,2.687,3.074,3.142,0.019,-0.174
1.3,1.253,1.324,1.245,1.214,0.047,0.055
4.2,4.109,4.11,4.068,3.99,0.091,0.132
3.9,4.009,4.002,4.194,4.204,-0.109,-0.294
0.9,1.139,0.95,1.032,1.063,-0.239,-0.132
1.6,2.499,2.122,2.07,2.343,-0.899,-0.47
1.0,0.848,0.9,0.888,0.825,0.152,0.112
0.7,0.648,0.472,0.58,0.569,0.052,0.12
2.1,2.065,2.039,2.184,2.097,0.035,-0.084
0.4,0.504,0.459,0.446,0.462,-0.104,-0.046
2.8,2.49,2.607,2.558,2.541,0.31,0.242
0.9,0.821,0.855,0.678,0.546,0.079,0.222
1.9,1.648,1.652,1.58,1.603,0.252,0.32
2.8,2.949,2.799,2.819,2.953,-0.149,-0.019
2.7,2.668,2.723,2.709,2.634,0.032,-0.009
1.9,2.108,1.824,2.044,2.246,-0.208,-0.144
4.1,3.772,3.986,3.995,3.864,0.328,0.105
1.4,1.163,1.088,1.178,1.118,0.237,0.222
4.3,3.845,3.938,3.901,3.851,0.455,0.399
1.4,2.279,1.8,2.043,2.12,-0.879,-0.643
2.5,2.648,2.613,2.601,2.736,-0.148,-0.101
0.9,0.836,0.901,0.859,0.783,0.064,0.041
0.9,0.791,0.788,0.744,0.707,0.109,0.156
0.3,0.523,0.47,0.477,0.56,-0.223,-0.177
1.0,0.921,0.796,1.013,1.001,0.079,-0.013
0.6,0.606,0.552,0.49,0.501,-0.006,0.11
0.8,0.904,0.875,0.837,0.892,-0.104,-0.037
0.5,0.451,0.361,0.447,0.468,0.049,0.053
2.5,2.527,2.446,2.429,2.424,-0.027,0.071
2.1,2.069,2.077,2.128,2.07,0.031,-0.028
1.1,1.01,1.399,1.144,1.141,0.09,-0.044
3.8,3.38,3.32,3.421,3.441,0.42,0.379
0.8,0.648,0.769,0.663,0.602,0.152,0.137
1.6,1.516,1.487,1.573,1.527,0.084,0.027
1.3,1.304,1.242,1.373,1.248,-0.004,-0.073
2.7,2.7,2.73,2.59,2.661,-0.0,0.11
1.7,1.639,1.752,1.675,1.655,0.061,0.025
2.1,1.653,1.819,1.694,1.682,0.447,0.406
1.7,1.471,1.645,1.534,1.52,0.229,0.166
1.4,1.343,1.406,1.336,1.29,0.057,0.064
1.4,1.292,1.318,1.367,1.306,0.108,0.033
2.0,2.024,2.139,2.084,2.086,-0.024,-0.084
1.3,1.066,1.139,1.12,1.04,0.234,0.18
0.3,1.273,1.38,1.313,1.289,-0.973,-1.013
2.9,2.13,2.429,2.418,2.379,0.77,0.482
9.5,9.558,8.485,8.344,9.295,-0.058,1.156
3.2,3.573,3.491,3.236,3.397,-0.373,-0.036
3.3,3.604,3.307,3.462,3.417,-0.304,-0.162
1.4,1.414,1.39,1.43,1.404,-0.014,-0.03
4.4,4.617,4.368,4.36,4.532,-0.217,0.04
8.6,8.056,7.851,8.36,8.577,0.544,0.24
3.1,3.714,3.626,3.812,3.836,-0.614,-0.712
1.4,1.248,1.3,1.21,1.237,0.152,0.19
0.8,0.854,0.775,0.823,0.851,-0.054,-0.023
2.7,2.392,2.898,2.458,2.319,0.308,0.242
1.4,1.378,1.376,1.302,1.444,0.022,0.098
1.3,1.407,1.254,1.33,1.323,-0.107,-0.03
0.8,0.827,0.83,0.822,0.748,-0.027,-0.022
2.1,1.677,1.523,1.727,1.75,0.423,0.373
0.5,0.443,0.5,0.556,0.512,0.057,-0.056
3.3,3.545,3.434,3.392,3.515,-0.245,-0.092
2.2,2.153,2.426,2.131,2.013,0.047,0.069
3.4,3.654,3.773,3.724,3.824,-0.254,-0.324
2.2,2.308,2.48,2.215,2.212,-0.108,-0.015
3.2,3.683,3.547,3.664,3.613,-0.483,-0.464
4.3,4.057,3.915,4.133,4.167,0.243,0.167
3.3,1.704,1.861,2.153,1.975,1.596,1.147
1.5,1.509,1.419,1.556,1.556,-0.009,-0.056
2.3,2.584,2.499,2.755,2.633,-0.284,-0.455
0.8,0.913,0.996,0.781,0.795,-0.113,0.019
0.4,0.815,0.765,0.744,0.767,-0.415,-0.344
0.2,0.345,0.217,0.311,0.37,-0.145,-0.111
2.6,2.517,2.409,2.506,2.542,0.083,0.094
3.0,2.395,2.563,2.568,2.442,0.605,0.432
0.2,0.707,1.005,0.871,0.833,-0.507,-0.671
1.8,1.824,1.819,1.791,1.814,-0.024,0.009
2.5,2.206,2.38,2.37,2.458,0.294,0.13
1.8,1.815,1.95,1.894,1.961,-0.015,-0.094
2.3,1.867,2.159,1.881,2.002,0.433,0.419
1.4,1.312,1.475,1.368,1.425,0.088,0.032
2.6,2.138,2.234,2.204,2.163,0.462,0.396
1.2,1.318,1.345,1.303,1.336,-0.118,-0.103
0.5,0.385,0.522,0.443,0.431,0.115,0.057
0.7,0.736,0.613,0.742,0.78,-0.036,-0.042
1.0,0.769,0.958,0.885,0.906,0.231,0.115
0.6,0.657,0.97,0.751,0.851,-0.057,-0.151
0.3,0.392,0.218,0.361,0.356,-0.092,-0.061
2.6,2.095,2.357,2.373,2.364,0.505,0.227
1.7,1.828,1.655,1.807,1.824,-0.128,-0.107
2.5,2.684,2.588,2.582,2.618,-0.184,-0.082
1.8,1.588,1.777,1.748,1.658,0.212,0.052
2.3,1.858,2.023,1.9,2.018,0.442,0.4
1.8,1.948,1.797,1.936,1.95,-0.148,-0.136
2.2,1.864,2.067,2.041,2.055,0.336,0.159
2.8,2.624,2.63,2.634,2.64,0.176,0.166
3.1,3.188,3.025,3.242,3.342,-0.088,-0.142
2.7,2.514,2.465,2.464,2.456,0.186,0.236
5.3,4.998,4.961,5.092,5.026,0.302,0.208
0.4,0.585,0.511,0.54,0.545,-0.185,-0.14
1.9,2.038,1.894,1.998,2.04,-0.138,-0.098
2.7,2.918,2.551,2.941,2.938,-0.218,-0.241
2.3,2.323,2.323,2.287,2.401,-0.023,0.013
0.9,1.592,1.513,1.686,1.58,-0.692,-0.786
1.8,1.91,1.866,1.912,1.887,-0.11,-0.112
1.5,1.525,1.642,1.549,1.413,-0.025,-0.049
2.5,2.146,2.411,2.276,2.371,0.354,0.224
3.5,3.675,3.665,3.635,3.694,-0.175,-0.135
0.4,0.371,0.237,0.39,0.423,0.029,0.01
2.1,2.173,2.114,2.185,2.238,-0.073,-0.085
2.7,2.498,2.345,2.389,2.518,0.202,0.311
2.9,3.0,3.128,2.989,3.131,-0.1,-0.089
2.2,2.315,2.199,2.273,2.257,-0.115,-0.073
3.4,3.63,3.293,3.562,3.694,-0.23,-0.162
1.2,1.338,1.226,1.518,1.389,-0.138,-0.318
1.5,1.46,1.516,1.51,1.427,0.04,-0.01
0.4,0.625,0.533,0.513,0.512,-0.225,-0.113
1.5,1.609,1.494,1.664,1.577,-0.109,-0.164
1.4,1.371,1.309,1.455,1.4,0.029,-0.055
0.6,0.636,0.621,0.587,0.601,-0.036,0.013
1.2,1.235,1.108,1.14,1.186,-0.035,0.06
1.9,2.173,2.041,2.054,2.092,-0.273,-0.154
2.0,2.418,2.223,2.315,2.288,-0.418,-0.315
1.1,1.221,1.134,1.05,1.139,-0.121,0.05
6.3,4.351,5.008,4.542,4.313,1.949,1.758
4.6,4.924,4.311,4.887,4.861,-0.324,-0.287
1.7,1.664,1.577,1.567,1.753,0.036,0.133
1.3,1.386,1.387,1.35,1.353,-0.086,-0.05
0.4,2.791,1.914,1.393,1.531,-2.391,-0.993
0.4,0.383,0.504,0.351,0.37,0.017,0.049
3.3,3.216,3.068,3.211,3.413,0.084,0.089
1.4,1.761,1.641,1.619,1.691,-0.361,-0.219
1.5,1.681,1.638,1.58,1.594,-0.181,-0.08
3.8,3.755,3.593,3.191,3.335,0.045,0.609
1.4,1.442,1.396,1.501,1.467,-0.042,-0.101
1.2,1.489,1.254,1.318,1.306,-0.289,-0.118
2.6,2.557,2.073,2.368,2.374,0.043,0.232
1.6,1.503,1.532,1.519,1.504,0.097,0.081
2.6,2.53,2.797,2.638,2.531,0.07,-0.038
2.0,1.754,1.658,1.509,1.524,0.246,0.491
3.0,2.808,3.122,2.965,2.897,0.192,0.035
2.1,1.913,1.942,1.881,1.872,0.187,0.219
1.2,1.195,1.109,1.084,1.119,0.005,0.116
1.1,1.465,1.096,1.065,1.068,-0.365,0.035
2.6,2.335,2.508,2.415,2.226,0.265,0.185
1.8,1.94,1.626,1.807,1.831,-0.14,-0.007
1.8,1.769,1.725,1.884,1.936,0.031,-0.084
2.3,2.337,2.188,2.19,2.225,-0.037,0.11
1.7,2.076,2.097,2.015,1.898,-0.376,-0.315
1.0,1.083,0.937,0.975,0.918,-0.083,0.025
1.0,0.746,0.914,0.871,0.852,0.254,0.129
0.8,0.721,0.782,0.727,0.681,0.079,0.073
3.1,3.238,3.195,3.254,3.187,-0.138,-0.154
1.1,1.108,1.11,1.006,0.959,-0.008,0.094
0.4,0.486,0.419,0.417,0.547,-0.086,-0.017
0.8,0.674,0.813,0.657,0.751,0.126,0.143
2.5,2.143,2.228,2.232,2.142,0.357,0.268
2.1,1.83,1.753,1.859,1.893,0.27,0.241
4.6,4.399,4.923,4.492,4.473,0.201,0.108
0.5,0.557,0.482,0.492,0.496,-0.057,0.008
1.2,1.313,1.285,1.34,1.318,-0.113,-0.14
0.9,1.036,0.944,0.962,0.91,-0.136,-0.062
0.2,0.497,0.325,0.473,0.529,-0.297,-0.273
0.9,0.861,0.951,0.882,0.873,0.039,0.018
2.4,2.713,2.586,2.458,2.458,-0.313,-0.058
1.6,1.6,1.599,1.528,1.459,0.0,0.072
1.5,1.457,1.477,1.43,1.475,0.043,0.07
1.5,1.84,1.463,1.807,1.941,-0.34,-0.307
1.0,1.021,0.895,0.959,0.931,-0.021,0.041
3.1,2.792,2.758,2.796,2.851,0.308,0.304
1.9,1.756,1.861,1.825,1.685,0.144,0.075
1.0,0.899,0.913,0.87,0.806,0.101,0.13
1.0,0.931,1.022,0.92,0.8,0.069,0.08
0.6,1.221,0.916,0.764,1.161,-0.621,-0.164
1.7,1.895,1.739,1.877,1.822,-0.195,-0.177
1.5,1.581,1.538,1.581,1.573,-0.081,-0.081
2.0,2.013,2.215,2.071,2.044,-0.013,-0.071
0.5,0.522,0.457,0.55,0.579,-0.022,-0.05
0.5,1.291,0.979,0.913,1.15,-0.791,-0.413
3.0,3.15,3.165,3.11,3.175,-0.15,-0.11
0.6,0.639,0.598,0.714,0.781,-0.039,-0.114
0.4,0.458,0.37,0.504,0.541,-0.058,-0.104
1.9,1.715,1.798,1.631,1.764,0.185,0.269
1.5,1.783,1.563,1.698,1.695,-0.283,-0.198
3.8,2.754,3.167,3.034,2.87,1.046,0.766
3.3,3.431,3.456,3.597,3.664,-0.131,-0.297
2.7,2.221,2.198,2.007,2.006,0.479,0.693
2.7,2.802,2.684,2.777,2.731,-0.102,-0.077
2.0,1.903,2.185,1.953,1.933,0.097,0.047
0.4,0.518,0.462,0.519,0.546,-0.118,-0.119
3.0,2.669,2.806,2.762,2.581,0.331,0.238
1.1,1.061,1.15,1.059,1.041,0.039,0.041
1.3,1.241,1.404,1.236,1.195,0.059,0.064
5.0,4.202,4.284,4.474,4.318,0.798,0.526
1.5,1.222,1.341,1.348,1.316,0.278,0.152
0.4,0.83,0.756,0.705,0.861,-0.43,-0.305
1.3,1.737,1.375,1.519,1.587,-0.437,-0.219
2.6,2.385,2.708,2.388,2.466,0.215,0.212
1.6,1.807,1.735,1.816,1.67,-0.207,-0.216
1.0,1.14,1.157,1.188,1.196,-0.14,-0.188
1.7,2.031,1.771,2.067,2.064,-0.331,-0.367
1.5,1.375,1.264,1.33,1.351,0.125,0.17
1.1,1.303,1.124,1.226,1.309,-0.203,-0.126
2.6,2.345,2.629,2.564,2.571,0.255,0.036
1.7,1.543,1.676,1.519,1.505,0.157,0.181
0.5,0.447,0.412,0.502,0.518,0.053,-0.002
0.5,0.611,0.549,0.577,0.573,-0.111,-0.077
3.6,3.098,2.979,3.101,3.121,0.502,0.499
2.2,2.142,2.122,1.906,1.96,0.058,0.294
0.9,1.053,0.678,0.998,0.999,-0.153,-0.098
1.5,1.226,1.403,1.318,1.338,0.274,0.182
4.1,4.244,4.057,4.168,4.23,-0.144,-0.068
0.4,0.414,0.368,0.33,0.369,-0.014,0.07
5.2,4.398,5.08,4.656,4.446,0.802,0.544
3.4,3.222,3.317,3.313,3.195,0.178,0.087
0.5,0.589,0.623,0.643,0.616,-0.089,-0.143
2.2,2.231,2.336,2.236,2.193,-0.031,-0.036
3.9,4.064,4.135,4.176,4.168,-0.164,-0.276
4.6,4.284,4.593,4.498,4.346,0.316,0.102
1.0,0.808,0.864,0.831,0.89,0.192,0.169
5.2,4.502,5.038,4.776,4.746,0.698,0.424
1.9,1.936,2.162,2.001,1.929,-0.036,-0.101
0.7,0.957,0.873,0.82,0.779,-0.257,-0.12
2.0,2.025,2.049,1.921,1.933,-0.025,0.079
0.6,0.671,0.584,0.626,0.6,-0.071,-0.026
0.4,0.358,0.435,0.397,0.38,0.042,0.003
3.0,3.053,3.243,3.016,2.927,-0.053,-0.016
2.4,2.307,2.288,2.33,2.325,0.093,0.07
4.0,3.912,4.026,4.105,3.974,0.088,-0.105
4.0,3.618,3.618,3.613,3.769,0.382,0.387
5.1,5.232,5.046,5.102,5.406,-0.132,-0.002
2.1,1.752,1.954,1.972,1.866,0.348,0.128
3.1,3.102,3.029,3.169,3.21,-0.002,-0.069
1.7,1.752,1.659,1.625,1.644,-0.052,0.075
2.2,2.022,2.341,2.184,2.163,0.178,0.016
1.5,1.451,1.469,1.495,1.482,0.049,0.005
1.7,1.901,1.744,1.863,1.855,-0.201,-0.163
3.4,3.532,3.414,3.429,3.359,-0.132,-0.029
1.0,0.986,1.067,0.997,1.018,0.014,0.003
0.5,0.67,0.534,0.585,0.619,-0.17,-0.085
2.6,2.601,2.556,2.668,2.65,-0.001,-0.068
1.4,2.021,1.558,1.77,1.95,-0.621,-0.37
0.4,0.575,0.467,0.547,0.522,-0.175,-0.147
1.9,1.639,1.788,1.745,1.777,0.261,0.155
1.5,1.278,1.365,1.256,1.252,0.222,0.244
4.3,4.811,4.77,5.098,5.053,-0.511,-0.798
5.3,5.063,5.317,5.054,5.134,0.237,0.246
2.1,2.069,2.241,2.163,2.188,0.031,-0.063
3.0,2.796,2.689,2.75,2.566,0.204,0.25
2.0,1.807,1.822,1.768,1.749,0.193,0.232
2.3,1.877,2.051,1.893,1.935,0.423,0.407
1.5,1.502,1.586,1.56,1.532,-0.002,-0.06
1.0,0.959,0.972,0.983,0.929,0.041,0.017
1.0,0.959,0.955,0.963,0.946,0.041,0.037
3.2,3.173,3.411,3.193,3.305,0.027,0.007
1.9,2.144,2.043,2.085,2.167,-0.244,-0.185
1.7,1.823,1.861,1.703,1.768,-0.123,-0.003
1.1,1.271,1.054,1.237,1.285,-0.171,-0.137
2.6,2.662,2.729,2.836,2.62,-0.062,-0.236
2.1,3.265,3.343,2.964,3.117,-1.165,-0.864
4.3,3.878,4.036,4.057,3.896,0.422,0.243
0.7,0.698,0.813,0.698,0.692,0.002,0.002
6.7,6.118,6.375,6.386,6.255,0.582,0.314
1.7,1.594,1.652,1.6,1.602,0.106,0.1
1.3,1.392,1.12,1.176,1.192,-0.092,0.124
1.6,1.495,1.333,1.497,1.475,0.105,0.103
1.5,1.124,1.461,1.389,1.57,0.376,0.111
2.0,2.053,1.98,2.069,1.996,-0.053,-0.069
3.7,3.792,3.952,3.621,3.778,-0.092,0.079
3.1,3.453,3.536,3.246,3.257,-0.353,-0.146
1.6,1.468,1.386,1.42,1.378,0.132,0.18
2.3,2.27,2.377,2.341,2.332,0.03,-0.041
0.5,0.588,0.539,0.543,0.525,-0.088,-0.043
3.0,3.057,3.09,3.148,3.071,-0.057,-0.148
2.4,3.206,3.233,2.826,3.138,-0.806,-0.426
4.5,3.85,4.173,3.794,3.784,0.65,0.706
2.2,2.139,1.935,2.073,2.033,0.061,0.127
2.9,2.639,2.619,2.742,2.67,0.261,0.158
2.0,2.604,2.057,2.598,2.5,-0.604,-0.598
0.4,0.516,0.706,0.502,0.572,-0.116,-0.102
1.2,1.412,1.21,1.359,1.377,-0.212,-0.159
0.3,1.148,0.935,0.896,1.038,-0.848,-0.596
1.0,0.962,0.964,1.078,1.06,0.038,-0.078
2.2,2.374,2.313,2.35,2.414,-0.174,-0.15
1.1,1.235,1.353,1.322,1.331,-0.135,-0.222
0.5,1.318,0.823,0.811,1.075,-0.818,-0.311
1.9,1.853,1.923,1.908,1.899,0.047,-0.008
1.5,1.56,1.533,1.461,1.382,-0.06,0.039
2.5,1.682,1.408,1.743,1.576,0.818,0.757
2.4,1.837,2.436,2.093,2.048,0.563,0.307
1.6,1.444,1.448,1.408,1.426,0.156,0.192
4.8,4.468,4.594,4.634,4.747,0.332,0.166
2.7,3.078,2.471,3.11,3.061,-0.378,-0.41
0.9,1.124,0.91,1.046,1.007,-0.224,-0.146
1.4,1.552,1.385,1.514,1.54,-0.152,-0.114
0.6,0.644,0.714,0.642,0.69,-0.044,-0.042
4.9,6.025,5.575,5.875,5.984,-1.125,-0.975
1.1,1.042,1.183,1.095,1.054,0.058,0.005
1.4,1.496,1.571,1.468,1.559,-0.096,-0.068
1.2,1.749,0.914,1.205,1.15,-0.549,-0.005
1.6,1.421,1.558,1.272,1.302,0.179,0.328
2.1,2.543,2.585,2.401,2.441,-0.443,-0.301
0.5,0.514,0.592,0.591,0.559,-0.014,-0.091
0.6,0.571,0.61,0.571,0.547,0.029,0.029
2.5,3.0,2.723,2.9,2.936,-0.5,-0.4
2.7,2.371,2.388,2.484,2.349,0.329,0.216
2.0,1.985,2.045,2.105,2.099,0.015,-0.105
3.1,3.173,3.212,3.413,3.317,-0.073,-0.313
1.3,1.25,1.304,1.181,1.19,0.05,0.119
1.3,1.036,1.179,1.086,0.992,0.264,0.214
1.7,1.693,1.885,1.695,1.698,0.007,0.005
2.0,2.013,1.983,2.073,2.03,-0.013,-0.073
1.8,2.041,2.299,2.287,2.204,-0.241,-0.487
1.9,1.914,1.936,1.868,1.856,-0.014,0.032
1.4,1.605,1.659,1.727,1.73,-0.205,-0.327
6.2,4.796,5.286,5.16,5.374,1.404,1.04
1.1,1.225,1.252,1.262,1.204,-0.125,-0.162
1.0,1.198,1.095,1.036,1.113,-0.198,-0.036
1.9,1.895,1.91,1.896,1.809,0.005,0.004
0.9,0.735,0.829,0.891,0.845,0.165,0.009
1.2,1.54,1.32,1.422,1.394,-0.34,-0.222
0.8,0.879,0.743,0.765,0.84,-0.079,0.035
1.5,1.303,1.204,1.412,1.42,0.197,0.088
2.3,2.087,1.941,2.044,1.983,0.213,0.256
4.6,5.139,5.084,5.234,5.106,-0.539,-0.634
1.9,1.675,1.858,1.864,1.918,0.225,0.036
6.2,6.416,6.014,6.283,6.191,-0.216,-0.083
4.6,4.232,4.77,4.35,4.315,0.368,0.25
2.5,2.398,2.643,2.423,2.389,0.102,0.077
1.2,1.067,1.198,1.177,1.242,0.133,0.023
2.7,2.174,2.453,2.413,2.292,0.526,0.287
2.5,2.371,2.521,2.434,2.413,0.129,0.066
1.2,1.15,1.229,1.15,1.129,0.05,0.05
1.4,1.501,1.492,1.5,1.482,-0.101,-0.1
7.5,6.576,7.338,6.909,6.884,0.924,0.591
0.8,0.748,0.796,0.77,0.762,0.052,0.03
1.4,1.193,1.297,1.083,1.039,0.207,0.317
1.6,1.781,1.678,1.741,1.603,-0.181,-0.141
0.7,0.749,0.828,0.759,0.718,-0.049,-0.059
3.5,3.377,3.29,3.046,3.39,0.123,0.454
1.3,1.653,1.547,1.666,1.56,-0.353,-0.366
3.9,3.156,3.217,3.194,3.029,0.744,0.706
3.5,3.499,3.676,3.529,3.564,0.001,-0.029
1.4,1.468,1.651,1.439,1.404,-0.068,-0.039
2.9,2.507,2.607,2.428,2.29,0.393,0.472
2.0,1.816,1.857,1.77,1.72,0.184,0.23
0.7,0.649,0.665,0.743,0.744,0.051,-0.043
2.6,2.552,2.477,2.555,2.504,0.048,0.045
1.5,1.575,1.604,1.626,1.642,-0.075,-0.126
1.9,1.844,1.872,1.932,1.915,0.056,-0.032
0.8,0.768,0.779,0.736,0.687,0.032,0.064
2.8,2.676,2.79,2.757,2.575,0.124,0.043
2.8,2.637,2.788,2.488,2.5,0.163,0.312
1.0,1.034,1.035,0.944,0.891,-0.034,0.056
2.2,1.924,2.026,1.894,1.848,0.276,0.306
3.0,2.791,2.901,2.763,2.965,0.209,0.237
5.4,5.688,5.527,5.657,5.753,-0.288,-0.257
1.1,1.077,1.226,1.14,1.153,0.023,-0.04
5.6,5.486,4.986,5.328,5.518,0.114,0.272
1.2,1.536,1.526,1.461,1.506,-0.336,-0.261
1.5,1.565,1.549,1.685,1.684,-0.065,-0.185
0.7,0.714,0.881,0.795,0.775,-0.014,-0.095
0.5,0.539,0.365,0.453,0.512,-0.039,0.047
0.6,0.595,0.669,0.573,0.578,0.005,0.027
0.9,1.27,1.309,1.232,1.327,-0.37,-0.332
3.1,2.743,2.6,2.783,2.626,0.357,0.317
0.9,1.27,1.27,1.279,1.296,-0.37,-0.379
2.2,2.529,2.175,2.372,2.319,-0.329,-0.172
4.9,4.736,4.982,4.713,4.865,0.164,0.187
0.6,0.876,0.744,0.83,0.853,-0.276,-0.23
0.5,0.417,0.485,0.474,0.433,0.083,0.026
1.5,1.482,1.411,1.417,1.359,0.018,0.083
1.6,1.642,1.754,1.582,1.572,-0.042,0.018
5.0,4.892,5.086,4.894,4.799,0.108,0.106
1.4,1.414,1.313,1.415,1.46,-0.014,-0.015
3.4,3.45,3.463,3.37,3.532,-0.05,0.03
1.0,1.02,1.002,1.002,0.96,-0.02,-0.002
4.9,4.197,3.915,4.482,4.377,0.703,0.418
0.9,0.785,0.755,0.703,0.704,0.115,0.197
2.1,2.814,3.365,2.226,2.474,-0.714,-0.126
1.0,0.834,0.965,0.917,0.917,0.166,0.083
4.0,3.562,3.164,3.703,3.719,0.438,0.297
2.7,2.562,2.817,2.458,2.464,0.138,0.242
1.6,1.972,2.102,2.078,2.086,-0.372,-0.478
1.5,1.524,1.496,1.513,1.501,-0.024,-0.013
1.0,1.027,1.016,1.074,1.049,-0.027,-0.074
1.9,2.027,1.937,2.008,2.064,-0.127,-0.108
1.1,1.298,1.267,1.377,1.311,-0.198,-0.277
0.3,0.825,0.786,0.532,0.752,-0.525,-0.232
2.3,1.862,2.037,2.072,1.872,0.438,0.228
1.8,1.741,1.597,1.772,1.726,0.059,0.028
1.6,1.487,1.516,1.505,1.521,0.113,0.095
2.1,1.829,1.936,1.973,1.891,0.271,0.127
1.5,1.698,1.654,1.684,1.693,-0.198,-0.184
2.5,2.58,2.638,2.54,2.583,-0.08,-0.04
1.5,1.502,1.455,1.413,1.445,-0.002,0.087
0.5,0.454,0.477,0.454,0.473,0.046,0.046
1.6,1.631,1.569,1.699,1.634,-0.031,-0.099
2.4,2.208,2.294,2.221,2.207,0.192,0.179
0.5,0.64,0.636,0.573,0.547,-0.14,-0.073
2.0,1.861,1.965,1.967,1.923,0.139,0.033
3.2,3.553,3.319,3.486,3.637,-0.353,-0.286
4.3,4.032,4.684,4.233,4.302,0.268,0.067
4.0,4.125,3.867,4.063,4.062,-0.125,-0.063
2.1,2.178,2.369,2.113,2.181,-0.078,-0.013
1.1,1.178,1.154,1.165,1.206,-0.078,-0.065
1.2,2.015,1.774,1.958,1.998,-0.815,-0.758
2.2,2.079,2.018,2.137,2.061,0.121,0.063
1.5,1.42,1.296,1.272,1.292,0.08,0.228
2.9,3.029,2.529,2.72,2.748,-0.129,0.18
1.9,1.654,1.718,1.676,1.595,0.246,0.224
3.8,3.614,3.567,3.548,3.665,0.186,0.252
0.6,0.676,0.681,0.612,0.643,-0.076,-0.012
3.5,3.253,3.693,3.299,3.312,0.247,0.201
0.5,0.646,0.668,0.583,0.546,-0.146,-0.083
0.8,0.714,0.439,0.678,0.723,0.086,0.122
0.8,0.678,0.539,0.632,0.576,0.122,0.168
1.6,1.203,1.55,1.388,1.423,0.397,0.212
3.4,3.503,3.383,3.102,3.219,-0.103,0.298
1.6,1.788,1.721,1.752,1.733,-0.188,-0.152
0.5,0.566,0.562,0.554,0.579,-0.066,-0.054
2.0,1.975,1.825,1.87,1.862,0.025,0.13
3.9,3.487,3.9,3.838,3.693,0.413,0.062
1.4,1.357,1.334,1.349,1.385,0.043,0.051
4.3,3.447,4.008,4.054,3.89,0.853,0.246
0.5,0.531,0.459,0.438,0.487,-0.031,0.062
0.7,0.549,0.702,0.553,0.515,0.151,0.147
2.7,2.35,2.52,2.507,2.315,0.35,0.193
3.1,2.723,3.21,2.857,2.582,0.377,0.243
3.6,2.783,2.745,2.764,2.826,0.817,0.836
1.4,1.176,1.378,1.176,1.095,0.224,0.224
0.9,0.652,0.659,0.634,0.608,0.248,0.266
1.4,1.206,1.071,1.228,1.234,0.194,0.172
1.9,2.006,1.826,2.073,2.035,-0.106,-0.173
2.9,3.093,2.709,3.026,3.16,-0.193,-0.126
3.4,3.73,3.833,3.775,3.692,-0.33,-0.375
1.6,1.528,1.464,1.596,1.599,0.072,0.004
3.8,3.683,3.827,3.744,3.616,0.117,0.056
1.1,1.024,1.05,1.065,1.027,0.076,0.035
1.2,1.036,1.108,1.079,1.083,0.164,0.121
3.7,4.022,3.73,4.031,4.073,-0.322,-0.331
3.0,3.197,3.128,3.057,3.063,-0.197,-0.057
3.2,3.233,3.289,3.264,3.344,-0.033,-0.064
1.7,1.781,1.836,1.86,1.789,-0.081,-0.16
0.9,0.874,0.792,0.875,0.811,0.026,0.025
0.9,0.949,0.81,0.825,0.856,-0.049,0.075
3.6,3.798,3.505,3.688,3.662,-0.198,-0.088
2.6,2.745,2.65,2.725,2.563,-0.145,-0.125
1.8,1.863,1.785,1.887,1.87,-0.063,-0.087
1.7,1.484,1.708,1.571,1.532,0.216,0.129
1.9,1.59,1.695,1.67,1.819,0.31,0.23
2.2,2.166,2.108,2.348,2.223,0.034,-0.148
0.6,0.553,0.645,0.598,0.557,0.047,0.002
3.8,3.976,3.999,4.198,4.227,-0.176,-0.398
3.4,3.854,3.57,3.947,3.829,-0.454,-0.547
0.1,0.927,1.005,0.953,1.03,-0.827,-0.853
0.9,0.823,0.855,0.884,0.718,0.077,0.016
0.8,0.961,1.067,0.917,0.993,-0.161,-0.117
2.6,1.89,2.479,2.316,2.418,0.71,0.284
3.4,3.915,3.764,3.687,3.802,-0.515,-0.287
4.5,5.432,5.263,5.658,5.308,-0.932,-1.158
3.4,3.213,3.703,3.507,3.31,0.187,-0.107
1.9,1.874,2.02,2.009,1.961,0.026,-0.109
1.2,1.162,1.316,1.174,1.179,0.038,0.026
3.4,3.453,3.462,3.221,3.275,-0.053,0.179
2.0,2.117,2.02,2.1,2.088,-0.117,-0.1
1.2,1.413,1.23,1.427,1.443,-0.213,-0.227
1.3,1.32,1.156,1.151,1.184,-0.02,0.149
4.8,4.362,4.781,4.464,4.511,0.438,0.336
3.7,3.664,3.723,3.673,3.575,0.036,0.027
5.0,5.006,4.468,4.69,4.678,-0.006,0.31
0.8,1.143,1.088,1.093,1.045,-0.343,-0.293
0.9,0.868,0.972,0.848,0.814,0.032,0.052
1.7,1.766,1.867,1.791,1.779,-0.066,-0.091
2.1,2.127,2.149,2.161,2.295,-0.027,-0.061
0.5,0.632,0.522,0.563,0.52,-0.132,-0.063
1.4,1.619,1.655,1.644,1.538,-0.219,-0.244
0.3,0.438,0.22,0.455,0.477,-0.138,-0.155
2.1,1.927,2.105,2.011,1.955,0.173,0.089
3.1,2.806,2.872,2.924,3.042,0.294,0.176
3.1,3.081,3.128,3.125,3.081,0.019,-0.025
2.7,1.989,2.118,2.086,2.103,0.711,0.614
0.4,1.381,1.543,1.382,1.516,-0.981,-0.982
1.0,1.019,1.156,0.989,0.934,-0.019,0.011
3.2,2.79,3.032,2.91,2.892,0.41,0.29
0.2,0.507,0.36,0.263,0.51,-0.307,-0.063
3.7,2.361,2.699,3.075,2.96,1.339,0.625
1.7,2.058,1.993,2.08,2.166,-0.358,-0.38
4.5,4.307,4.008,4.059,4.073,0.193,0.441
4.8,4.634,5.056,4.978,4.635,0.166,-0.178
1.3,0.946,1.049,1.042,0.946,0.354,0.258
1.4,1.463,1.428,1.521,1.481,-0.063,-0.121
0.9,0.782,0.844,0.771,0.764,0.118,0.129
1.0,1.098,1.022,1.157,1.048,-0.098,-0.157
1.5,1.42,1.355,1.522,1.453,0.08,-0.022
1.5,1.479,1.432,1.506,1.484,0.021,-0.006
1.5,1.471,1.332,1.418,1.36,0.029,0.082
0.7,0.723,0.798,0.883,1.005,-0.023,-0.183
3.9,4.077,4.447,4.16,4.116,-0.177,-0.26
3.4,3.325,3.195,3.453,3.431,0.075,-0.053
1.6,1.536,1.587,1.636,1.62,0.064,-0.036
3.6,3.766,3.785,3.697,3.471,-0.166,-0.097
0.9,0.828,0.915,0.776,0.726,0.072,0.124
1.0,0.988,0.877,0.92,0.929,0.012,0.08
3.4,3.768,3.601,3.541,3.727,-0.368,-0.141
1.5,1.728,1.743,1.666,1.68,-0.228,-0.166
0.5,0.503,0.69,0.613,0.581,-0.003,-0.113
0.9,1.011,1.041,0.948,1.042,-0.111,-0.048
5.9,6.774,6.036,6.536,6.851,-0.874,-0.636
1.0,1.001,0.819,0.955,0.983,-0.001,0.045
2.3,2.499,2.309,2.463,2.506,-0.199,-0.163
1.0,1.045,1.078,1.024,1.014,-0.045,-0.024
0.8,0.734,0.796,0.73,0.729,0.066,0.07
2.4,2.306,2.335,2.357,2.211,0.094,0.043
1.3,1.474,1.32,1.409,1.426,-0.174,-0.109
4.9,4.445,4.624,4.559,4.635,0.455,0.341
0.5,0.571,0.62,0.551,0.533,-0.071,-0.051
6.2,5.939,6.243,6.27,6.299,0.261,-0.07
1.3,1.461,1.515,1.407,1.371,-0.161,-0.107
3.4,3.313,3.059,3.215,3.192,0.087,0.185
2.3,2.147,2.32,2.241,2.171,0.153,0.059
0.5,0.932,0.997,0.81,0.897,-0.432,-0.31
2.5,3.114,2.869,3.079,3.128,-0.614,-0.579
4.2,4.435,4.325,4.433,4.487,-0.235,-0.233
2.2,0.934,0.93,1.218,1.036,1.266,0.982
1.0,2.007,2.399,1.545,1.748,-1.007,-0.545
1.7,1.945,2.109,1.977,1.939,-0.245,-0.277
1.2,1.278,1.295,1.397,1.327,-0.078,-0.197
1.8,1.818,1.75,1.869,1.889,-0.018,-0.069
3.7,3.64,3.164,3.488,3.592,0.06,0.212
0.5,0.514,0.536,0.49,0.499,-0.014,0.01
1.7,1.884,1.776,1.869,1.949,-0.184,-0.169
2.1,2.117,2.082,2.33,2.154,-0.017,-0.23
5.2,5.004,4.695,4.841,4.721,0.196,0.359
1.9,1.783,1.621,1.828,1.871,0.117,0.072
0.8,0.901,0.873,0.796,0.862,-0.101,0.004
3.1,3.186,3.261,2.894,3.06,-0.086,0.206
3.6,3.739,3.528,3.744,3.799,-0.139,-0.144
1.5,1.484,1.443,1.498,1.501,0.016,0.002
3.6,3.88,4.009,3.931,3.964,-0.28,-0.331
2.5,2.386,2.286,2.43,2.491,0.114,0.07
2.8,2.709,2.713,2.793,2.761,0.091,0.007
1.5,1.277,1.293,1.459,1.361,0.223,0.041
2.7,2.895,3.054,2.971,2.977,-0.195,-0.271
0.1,0.676,0.64,0.374,0.338,-0.576,-0.274
0.8,0.922,0.756,0.783,0.77,-0.122,0.017
0.7,0.813,0.787,0.826,0.862,-0.113,-0.126
1.6,1.724,1.493,1.717,1.737,-0.124,-0.117
1.8,2.021,1.717,1.938,2.087,-0.221,-0.138
2.2,2.224,2.239,2.072,2.046,-0.024,0.128
0.8,0.755,0.933,0.812,0.842,0.045,-0.012
1.4,1.613,1.449,1.53,1.609,-0.213,-0.13
4.4,5.019,4.374,4.659,4.609,-0.619,-0.259
0.8,0.626,0.835,0.707,0.671,0.174,0.093
3.4,3.174,3.458,3.116,3.103,0.226,0.284
4.3,3.428,3.917,3.672,3.638,0.872,0.628
0.6,0.531,0.703,0.681,0.622,0.069,-0.081
1.1,1.437,1.245,1.318,1.375,-0.337,-0.218
2.6,2.631,2.644,2.688,2.613,-0.031,-0.088
1.8,1.564,1.619,1.58,1.484,0.236,0.22
4.2,4.181,4.309,4.097,4.024,0.019,0.103
1.8,1.834,1.676,1.697,1.665,-0.034,0.103
3.1,3.042,3.288,3.044,3.012,0.058,0.056
1.2,1.382,1.168,1.327,1.373,-0.182,-0.127
2.5,2.268,2.545,2.905,2.684,0.232,-0.405
1.0,1.23,0.919,1.046,1.113,-0.23,-0.046
0.5,0.57,0.538,0.559,0.556,-0.07,-0.059
1.3,1.411,1.315,1.41,1.426,-0.111,-0.11
2.7,2.501,2.429,2.438,2.339,0.199,0.262
2.4,2.298,2.254,2.267,2.233,0.102,0.133
3.4,3.457,3.361,3.614,3.384,-0.057,-0.214
1.3,1.449,1.449,1.366,1.447,-0.149,-0.066
1.3,1.471,1.399,1.495,1.546,-0.171,-0.195
6.8,6.68,7.383,6.682,6.678,0.12,0.118
4.1,4.052,3.937,3.918,3.999,0.048,0.182
1.8,1.895,1.847,2.005,2.042,-0.095,-0.205
0.7,0.783,0.65,0.692,0.683,-0.083,0.008
8.4,6.307,6.834,6.769,6.708,2.093,1.631
1.2,1.289,1.346,1.419,1.37,-0.089,-0.219
2.5,2.531,2.527,2.486,2.578,-0.031,0.014
0.7,0.797,0.723,0.736,0.694,-0.097,-0.036
3.0,3.303,3.262,3.26,3.215,-0.303,-0.26
0.7,1.022,0.949,0.822,0.881,-0.322,-0.122
3.0,3.044,3.014,2.929,2.904,-0.044,0.071
1.7,1.907,1.91,1.922,1.953,-0.207,-0.222
0.5,0.506,0.462,0.451,0.445,-0.006,0.049
3.1,3.215,3.168,3.115,3.115,-0.115,-0.015
1.0,0.98,1.005,1.07,1.016,0.02,-0.07
0.9,0.986,0.864,0.921,0.93,-0.086,-0.021
0.9,1.016,0.949,1.046,0.981,-0.116,-0.146
2.0,2.067,2.093,2.04,2.036,-0.067,-0.04
